product_id,price_date,price
P001,2026-05-21,99.52
P001,2026-05-22,99.52
P001,2026-05-23,112.94
P001,2026-05-24,118.81
P001,2026-05-25,118.81
P001,2026-05-26,118.81
P001,2026-05-27,118.81
P001,2026-05-28,118.81
P001,2026-05-29,118.81
P001,2026-05-30,118.81
P001,2026-05-31,118.81
P001,2026-06-01,118.81
P001,2026-06-02,132.38
P001,2026-06-03,132.38
P001,2026-06-04,132.38
P001,2026-06-05,132.38
P001,2026-06-06,141.0
P001,2026-06-07,145.61
P001,2026-06-08,145.61
P001,2026-06-09,145.61
P001,2026-06-10,145.61
P001,2026-06-11,145.61
P001,2026-06-12,139.61
P001,2026-06-13,139.61
P001,2026-06-14,139.61
P001,2026-06-15,139.61
P001,2026-06-16,143.44
P001,2026-06-17,143.44
P001,2026-06-18,143.44
P001,2026-06-19,143.44
P001,2026-06-20,143.44
P001,2026-06-21,137.39
P001,2026-06-22,137.39
P001,2026-06-23,139.9
P001,2026-06-24,139.9
P001,2026-06-25,139.9
P001,2026-06-26,139.9
P001,2026-06-27,139.9
P001,2026-06-28,139.9
P001,2026-06-29,139.9
P001,2026-06-30,139.9
P001,2026-07-01,139.9
P001,2026-07-02,153.13
P001,2026-07-03,149.15
P001,2026-07-04,149.15
P001,2026-07-05,149.15
P001,2026-07-06,149.15
P001,2026-07-07,149.15
P001,2026-07-08,149.15
P001,2026-07-09,152.34
P001,2026-07-10,152.34
P001,2026-07-11,152.34
P001,2026-07-12,152.34
P001,2026-07-13,152.34
P001,2026-07-14,152.34
P001,2026-07-15,152.34
P001,2026-07-16,152.34
P001,2026-07-17,150.79
P001,2026-07-18,150.79
P001,2026-07-19,142.56
P001,2026-07-20,134.25
P001,2026-07-21,134.25
P001,2026-07-22,134.25
P001,2026-07-23,134.25
P001,2026-07-24,134.25
P001,2026-07-25,134.25
P001,2026-07-26,134.25
P001,2026-07-27,134.25
P001,2026-07-28,126.67
P001,2026-07-29,126.67
P001,2026-07-30,126.67
P001,2026-07-31,133.01
P001,2026-08-01,133.08
P001,2026-08-02,133.08
P001,2026-08-03,127.84
P001,2026-08-04,122.43
P001,2026-08-05,135.51
P001,2026-08-06,135.51
P001,2026-08-07,141.81
P001,2026-08-08,141.81
P001,2026-08-09,141.81
P001,2026-08-10,143.95
P001,2026-08-11,143.95
P001,2026-08-12,134.0
P001,2026-08-13,143.6
P001,2026-08-14,151.01
P001,2026-08-15,151.01
P001,2026-08-16,151.01
P001,2026-08-17,148.43
P001,2026-08-18,148.43
P002,2026-05-21,13.5
P002,2026-05-22,13.5
P002,2026-05-23,15.42
P002,2026-05-24,29.44
P002,2026-05-25,29.44
P002,2026-05-26,29.44
P002,2026-05-27,29.44
P002,2026-05-28,41.7
P002,2026-05-29,41.7
P002,2026-05-30,41.7
P002,2026-05-31,41.7
P002,2026-06-01,41.7
P002,2026-06-02,49.6
P002,2026-06-03,42.87
P002,2026-06-04,40.77
P002,2026-06-05,40.77
P002,2026-06-06,40.77
P002,2026-06-07,40.77
P002,2026-06-08,40.77
P002,2026-06-09,54.1
P002,2026-06-10,54.1
P002,2026-06-11,55.05
P002,2026-06-12,55.05
P002,2026-06-13,55.05
P002,2026-06-14,55.05
P002,2026-06-15,55.05
P002,2026-06-16,55.05
P002,2026-06-17,55.05
P002,2026-06-18,67.29
P002,2026-06-19,67.29
P002,2026-06-20,62.56
P002,2026-06-21,68.42
P002,2026-06-22,68.42
P002,2026-06-23,68.42
P002,2026-06-24,69.01
P002,2026-06-25,67.35
P002,2026-06-26,67.35
P002,2026-06-27,68.4
P002,2026-06-28,68.4
P002,2026-06-29,82.03
P002,2026-06-30,82.03
P002,2026-07-01,81.26
P002,2026-07-02,74.45
P002,2026-07-03,74.45
P002,2026-07-04,74.45
P002,2026-07-05,74.45
P002,2026-07-06,74.45
P002,2026-07-07,83.95
P002,2026-07-08,83.95
P002,2026-07-09,97.2
P002,2026-07-10,97.2
P002,2026-07-11,97.2
P002,2026-07-12,110.31
P002,2026-07-13,110.31
P002,2026-07-14,110.31
P002,2026-07-15,119.99
P002,2026-07-16,119.99
P002,2026-07-17,119.99
P002,2026-07-18,132.95
P002,2026-07-19,132.95
P002,2026-07-20,132.95
P002,2026-07-21,127.78
P002,2026-07-22,119.52
P002,2026-07-23,125.56
P002,2026-07-24,125.56
P002,2026-07-25,125.56
P002,2026-07-26,139.82
P002,2026-07-27,139.82
P002,2026-07-28,144.73
P002,2026-07-29,144.73
P002,2026-07-30,144.73
P002,2026-07-31,157.22
P002,2026-08-01,164.94
P002,2026-08-02,164.94
P002,2026-08-03,164.94
P002,2026-08-04,164.94
P002,2026-08-05,164.94
P002,2026-08-06,164.94
P002,2026-08-07,164.94
P002,2026-08-08,164.94
P002,2026-08-09,164.94
P002,2026-08-10,164.94
P002,2026-08-11,164.94
P002,2026-08-12,158.12
P002,2026-08-13,158.12
P002,2026-08-14,158.12
P002,2026-08-15,158.12
P002,2026-08-16,158.12
P002,2026-08-17,158.12
P002,2026-08-18,158.12
P003,2026-05-21,48.5
P003,2026-05-22,48.5
P003,2026-05-23,48.5
P003,2026-05-24,50.33
P003,2026-05-25,50.33
P003,2026-05-26,53.22
P003,2026-05-27,53.22
P003,2026-05-28,53.22
P003,2026-05-29,50.98
P003,2026-05-30,42.14
P003,2026-05-31,42.14
P003,2026-06-01,42.5
P003,2026-06-02,42.5
P003,2026-06-03,42.5
P003,2026-06-04,42.5
P003,2026-06-05,42.5
P003,2026-06-06,42.5
P003,2026-06-07,42.5
P003,2026-06-08,42.5
P003,2026-06-09,42.5
P003,2026-06-10,42.5
P003,2026-06-11,42.5
P003,2026-06-12,42.5
P003,2026-06-13,42.5
P003,2026-06-14,42.5
P003,2026-06-15,42.5
P003,2026-06-16,42.5
P003,2026-06-17,42.5
P003,2026-06-18,42.5
P003,2026-06-19,42.5
P003,2026-06-20,42.5
P003,2026-06-21,48.44
P003,2026-06-22,48.44
P003,2026-06-23,48.44
P003,2026-06-24,48.44
P003,2026-06-25,45.23
P003,2026-06-26,45.23
P003,2026-06-27,41.01
P003,2026-06-28,36.36
P003,2026-06-29,36.36
P003,2026-06-30,36.36
P003,2026-07-01,36.86
P003,2026-07-02,36.86
P003,2026-07-03,48.88
P003,2026-07-04,48.88
P003,2026-07-05,48.88
P003,2026-07-06,48.88
P003,2026-07-07,48.88
P003,2026-07-08,48.88
P003,2026-07-09,48.88
P003,2026-07-10,49.78
P003,2026-07-11,49.78
P003,2026-07-12,49.78
P003,2026-07-13,49.78
P003,2026-07-14,49.78
P003,2026-07-15,49.78
P003,2026-07-16,49.78
P003,2026-07-17,55.85
P003,2026-07-18,55.85
P003,2026-07-19,55.33
P003,2026-07-20,55.33
P003,2026-07-21,55.33
P003,2026-07-22,69.11
P003,2026-07-23,61.16
P003,2026-07-24,61.16
P003,2026-07-25,61.16
P003,2026-07-26,52.88
P003,2026-07-27,43.66
P003,2026-07-28,34.17
P003,2026-07-29,36.01
P003,2026-07-30,36.01
P003,2026-07-31,36.01
P003,2026-08-01,36.01
P003,2026-08-02,36.01
P003,2026-08-03,36.01
P003,2026-08-04,36.01
P003,2026-08-05,26.65
P003,2026-08-06,26.65
P003,2026-08-07,26.65
P003,2026-08-08,31.45
P003,2026-08-09,38.88
P003,2026-08-10,38.88
P003,2026-08-11,38.88
P003,2026-08-12,38.88
P003,2026-08-13,42.2
P003,2026-08-14,42.2
P003,2026-08-15,42.2
P003,2026-08-16,42.2
P003,2026-08-17,56.22
P003,2026-08-18,56.22
P004,2026-05-21,41.25
P004,2026-05-22,35.65
P004,2026-05-23,35.65
P004,2026-05-24,35.65
P004,2026-05-25,35.65
P004,2026-05-26,35.65
P004,2026-05-27,35.65
P004,2026-05-28,35.65
P004,2026-05-29,36.92
P004,2026-05-30,36.92
P004,2026-05-31,36.92
P004,2026-06-01,48.19
P004,2026-06-02,48.19
P004,2026-06-03,48.19
P004,2026-06-04,53.09
P004,2026-06-05,53.09
P004,2026-06-06,53.09
P004,2026-06-07,53.25
P004,2026-06-08,53.25
P004,2026-06-09,53.25
P004,2026-06-10,53.25
P004,2026-06-11,50.61
P004,2026-06-12,50.61
P004,2026-06-13,50.61
P004,2026-06-14,50.61
P004,2026-06-15,50.61
P004,2026-06-16,50.61
P004,2026-06-17,50.61
P004,2026-06-18,50.61
P004,2026-06-19,45.42
P004,2026-06-20,45.42
P004,2026-06-21,45.42
P004,2026-06-22,47.52
P004,2026-06-23,47.52
P004,2026-06-24,47.52
P004,2026-06-25,47.52
P004,2026-06-26,46.54
P004,2026-06-27,49.89
P004,2026-06-28,41.25
P004,2026-06-29,41.25
P004,2026-06-30,41.25
P004,2026-07-01,41.25
P004,2026-07-02,41.25
P004,2026-07-03,41.25
P004,2026-07-04,32.53
P004,2026-07-05,24.16
P004,2026-07-06,29.9
P004,2026-07-07,40.18
P004,2026-07-08,36.38
P004,2026-07-09,36.38
P004,2026-07-10,36.38
P004,2026-07-11,39.44
P004,2026-07-12,39.44
P004,2026-07-13,39.44
P004,2026-07-14,39.44
P004,2026-07-15,53.44
P004,2026-07-16,53.44
P004,2026-07-17,53.44
P004,2026-07-18,53.44
P004,2026-07-19,57.24
P004,2026-07-20,58.5
P004,2026-07-21,58.5
P004,2026-07-22,66.17
P004,2026-07-23,66.17
P004,2026-07-24,66.17
P004,2026-07-25,66.17
P004,2026-07-26,66.17
P004,2026-07-27,66.17
P004,2026-07-28,59.89
P004,2026-07-29,59.89
P004,2026-07-30,69.71
P004,2026-07-31,69.71
P004,2026-08-01,69.71
P004,2026-08-02,76.93
P004,2026-08-03,76.93
P004,2026-08-04,76.93
P004,2026-08-05,76.93
P004,2026-08-06,77.73
P004,2026-08-07,77.73
P004,2026-08-08,91.78
P004,2026-08-09,91.78
P004,2026-08-10,91.78
P004,2026-08-11,91.78
P004,2026-08-12,100.69
P004,2026-08-13,100.69
P004,2026-08-14,100.69
P004,2026-08-15,100.69
P004,2026-08-16,100.69
P004,2026-08-17,100.69
P004,2026-08-18,100.69
P005,2026-05-21,113.11
P005,2026-05-22,113.11
P005,2026-05-23,113.11
P005,2026-05-24,113.11
P005,2026-05-25,113.11
P005,2026-05-26,113.11
P005,2026-05-27,109.42
P005,2026-05-28,109.42
P005,2026-05-29,109.42
P005,2026-05-30,109.42
P005,2026-05-31,109.42
P005,2026-06-01,108.46
P005,2026-06-02,108.46
P005,2026-06-03,108.46
P005,2026-06-04,101.74
P005,2026-06-05,101.74
P005,2026-06-06,101.74
P005,2026-06-07,101.74
P005,2026-06-08,101.74
P005,2026-06-09,105.51
P005,2026-06-10,105.51
P005,2026-06-11,105.51
P005,2026-06-12,105.51
P005,2026-06-13,105.51
P005,2026-06-14,105.51
P005,2026-06-15,113.15
P005,2026-06-16,113.15
P005,2026-06-17,116.93
P005,2026-06-18,121.91
P005,2026-06-19,121.91
P005,2026-06-20,131.66
P005,2026-06-21,131.66
P005,2026-06-22,131.66
P005,2026-06-23,129.12
P005,2026-06-24,129.12
P005,2026-06-25,129.12
P005,2026-06-26,129.12
P005,2026-06-27,129.12
P005,2026-06-28,129.12
P005,2026-06-29,129.12
P005,2026-06-30,129.12
P005,2026-07-01,128.69
P005,2026-07-02,128.69
P005,2026-07-03,128.69
P005,2026-07-04,128.69
P005,2026-07-05,128.69
P005,2026-07-06,128.69
P005,2026-07-07,128.69
P005,2026-07-08,128.69
P005,2026-07-09,128.69
P005,2026-07-10,128.69
P005,2026-07-11,128.69
P005,2026-07-12,141.45
P005,2026-07-13,141.45
P005,2026-07-14,141.45
P005,2026-07-15,150.99
P005,2026-07-16,150.99
P005,2026-07-17,150.99
P005,2026-07-18,150.99
P005,2026-07-19,150.99
P005,2026-07-20,150.99
P005,2026-07-21,150.99
P005,2026-07-22,150.99
P005,2026-07-23,142.7
P005,2026-07-24,142.7
P005,2026-07-25,142.7
P005,2026-07-26,157.16
P005,2026-07-27,157.16
P005,2026-07-28,157.16
P005,2026-07-29,147.88
P005,2026-07-30,147.88
P005,2026-07-31,147.88
P005,2026-08-01,151.16
P005,2026-08-02,151.16
P005,2026-08-03,143.13
P005,2026-08-04,143.13
P005,2026-08-05,143.13
P005,2026-08-06,144.66
P005,2026-08-07,144.66
P005,2026-08-08,154.78
P005,2026-08-09,154.78
P005,2026-08-10,168.41
P005,2026-08-11,182.46
P005,2026-08-12,193.59
P005,2026-08-13,193.59
P005,2026-08-14,193.12
P005,2026-08-15,193.12
P005,2026-08-16,207.57
P005,2026-08-17,207.57
P005,2026-08-18,207.57
P006,2026-05-21,104.74
P006,2026-05-22,104.74
P006,2026-05-23,104.74
P006,2026-05-24,104.74
P006,2026-05-25,104.74
P006,2026-05-26,104.74
P006,2026-05-27,99.49
P006,2026-05-28,99.49
P006,2026-05-29,99.49
P006,2026-05-30,99.49
P006,2026-05-31,105.18
P006,2026-06-01,105.18
P006,2026-06-02,104.3
P006,2026-06-03,101.68
P006,2026-06-04,101.68
P006,2026-06-05,105.17
P006,2026-06-06,105.17
P006,2026-06-07,105.17
P006,2026-06-08,105.17
P006,2026-06-09,105.17
P006,2026-06-10,105.17
P006,2026-06-11,105.17
P006,2026-06-12,105.17
P006,2026-06-13,105.17
P006,2026-06-14,105.17
P006,2026-06-15,105.17
P006,2026-06-16,105.17
P006,2026-06-17,105.17
P006,2026-06-18,105.17
P006,2026-06-19,105.17
P006,2026-06-20,105.17
P006,2026-06-21,105.17
P006,2026-06-22,105.17
P006,2026-06-23,105.17
P006,2026-06-24,105.17
P006,2026-06-25,117.28
P006,2026-06-26,117.28
P006,2026-06-27,108.86
P006,2026-06-28,108.86
P006,2026-06-29,108.86
P006,2026-06-30,122.52
P006,2026-07-01,122.52
P006,2026-07-02,134.7
P006,2026-07-03,134.7
P006,2026-07-04,134.7
P006,2026-07-05,134.7
P006,2026-07-06,134.7
P006,2026-07-07,134.7
P006,2026-07-08,134.7
P006,2026-07-09,134.7
P006,2026-07-10,133.96
P006,2026-07-11,133.96
P006,2026-07-12,133.96
P006,2026-07-13,133.96
P006,2026-07-14,133.96
P006,2026-07-15,133.96
P006,2026-07-16,148.17
P006,2026-07-17,143.47
P006,2026-07-18,143.47
P006,2026-07-19,141.81
P006,2026-07-20,141.81
P006,2026-07-21,150.94
P006,2026-07-22,150.94
P006,2026-07-23,150.94
P006,2026-07-24,150.94
P006,2026-07-25,162.4
P006,2026-07-26,162.4
P006,2026-07-27,156.76
P006,2026-07-28,156.76
P006,2026-07-29,166.51
P006,2026-07-30,166.51
P006,2026-07-31,157.82
P006,2026-08-01,157.82
P006,2026-08-02,157.82
P006,2026-08-03,157.82
P006,2026-08-04,157.82
P006,2026-08-05,157.82
P006,2026-08-06,157.82
P006,2026-08-07,157.82
P006,2026-08-08,157.82
P006,2026-08-09,157.82
P006,2026-08-10,159.79
P006,2026-08-11,159.79
P006,2026-08-12,159.79
P006,2026-08-13,151.81
P006,2026-08-14,144.96
P006,2026-08-15,144.96
P006,2026-08-16,144.96
P006,2026-08-17,144.96
P006,2026-08-18,147.6
P007,2026-05-21,134.91
P007,2026-05-22,134.91
P007,2026-05-23,134.91
P007,2026-05-24,134.91
P007,2026-05-25,134.91
P007,2026-05-26,134.91
P007,2026-05-27,134.91
P007,2026-05-28,134.91
P007,2026-05-29,135.58
P007,2026-05-30,149.42
P007,2026-05-31,149.42
P007,2026-06-01,141.55
P007,2026-06-02,150.02
P007,2026-06-03,150.02
P007,2026-06-04,150.02
P007,2026-06-05,150.02
P007,2026-06-06,150.02
P007,2026-06-07,150.02
P007,2026-06-08,150.02
P007,2026-06-09,147.21
P007,2026-06-10,147.21
P007,2026-06-11,147.21
P007,2026-06-12,147.21
P007,2026-06-13,147.21
P007,2026-06-14,147.21
P007,2026-06-15,144.17
P007,2026-06-16,144.17
P007,2026-06-17,144.17
P007,2026-06-18,144.17
P007,2026-06-19,144.17
P007,2026-06-20,144.17
P007,2026-06-21,138.68
P007,2026-06-22,138.68
P007,2026-06-23,138.68
P007,2026-06-24,138.68
P007,2026-06-25,138.68
P007,2026-06-26,144.51
P007,2026-06-27,147.77
P007,2026-06-28,147.77
P007,2026-06-29,145.56
P007,2026-06-30,145.56
P007,2026-07-01,145.56
P007,2026-07-02,154.42
P007,2026-07-03,154.42
P007,2026-07-04,154.42
P007,2026-07-05,154.42
P007,2026-07-06,154.42
P007,2026-07-07,154.42
P007,2026-07-08,154.42
P007,2026-07-09,161.38
P007,2026-07-10,161.38
P007,2026-07-11,161.26
P007,2026-07-12,156.37
P007,2026-07-13,156.37
P007,2026-07-14,154.57
P007,2026-07-15,154.57
P007,2026-07-16,154.08
P007,2026-07-17,158.05
P007,2026-07-18,158.05
P007,2026-07-19,158.05
P007,2026-07-20,148.52
P007,2026-07-21,148.52
P007,2026-07-22,148.52
P007,2026-07-23,148.52
P007,2026-07-24,148.65
P007,2026-07-25,162.34
P007,2026-07-26,162.34
P007,2026-07-27,173.45
P007,2026-07-28,173.45
P007,2026-07-29,173.45
P007,2026-07-30,173.45
P007,2026-07-31,173.45
P007,2026-08-01,173.45
P007,2026-08-02,173.45
P007,2026-08-03,173.45
P007,2026-08-04,173.45
P007,2026-08-05,173.45
P007,2026-08-06,173.45
P007,2026-08-07,169.85
P007,2026-08-08,169.85
P007,2026-08-09,169.85
P007,2026-08-10,179.17
P007,2026-08-11,179.17
P007,2026-08-12,179.17
P007,2026-08-13,179.17
P007,2026-08-14,179.17
P007,2026-08-15,179.17
P007,2026-08-16,179.17
P007,2026-08-17,180.23
P007,2026-08-18,180.23
P008,2026-05-21,22.17
P008,2026-05-22,22.17
P008,2026-05-23,22.17
P008,2026-05-24,21.39
P008,2026-05-25,33.0
P008,2026-05-26,33.0
P008,2026-05-27,33.0
P008,2026-05-28,33.0
P008,2026-05-29,33.0
P008,2026-05-30,33.0
P008,2026-05-31,33.0
P008,2026-06-01,33.0
P008,2026-06-02,24.55
P008,2026-06-03,24.55
P008,2026-06-04,24.55
P008,2026-06-05,24.55
P008,2026-06-06,32.24
P008,2026-06-07,32.24
P008,2026-06-08,31.56
P008,2026-06-09,31.56
P008,2026-06-10,31.56
P008,2026-06-11,37.33
P008,2026-06-12,29.69
P008,2026-06-13,29.69
P008,2026-06-14,29.69
P008,2026-06-15,29.69
P008,2026-06-16,29.69
P008,2026-06-17,36.28
P008,2026-06-18,36.28
P008,2026-06-19,36.28
P008,2026-06-20,44.0
P008,2026-06-21,44.0
P008,2026-06-22,44.0
P008,2026-06-23,44.0
P008,2026-06-24,44.0
P008,2026-06-25,44.0
P008,2026-06-26,50.76
P008,2026-06-27,50.76
P008,2026-06-28,50.76
P008,2026-06-29,50.76
P008,2026-06-30,50.76
P008,2026-07-01,50.76
P008,2026-07-02,61.87
P008,2026-07-03,61.87
P008,2026-07-04,61.87
P008,2026-07-05,60.29
P008,2026-07-06,60.29
P008,2026-07-07,60.29
P008,2026-07-08,67.61
P008,2026-07-09,67.61
P008,2026-07-10,67.61
P008,2026-07-11,67.61
P008,2026-07-12,67.61
P008,2026-07-13,67.61
P008,2026-07-14,67.61
P008,2026-07-15,63.59
P008,2026-07-16,63.59
P008,2026-07-17,63.59
P008,2026-07-18,63.59
P008,2026-07-19,63.59
P008,2026-07-20,63.59
P008,2026-07-21,63.59
P008,2026-07-22,63.59
P008,2026-07-23,59.84
P008,2026-07-24,59.84
P008,2026-07-25,59.84
P008,2026-07-26,59.84
P008,2026-07-27,59.84
P008,2026-07-28,53.85
P008,2026-07-29,53.85
P008,2026-07-30,53.85
P008,2026-07-31,53.85
P008,2026-08-01,53.85
P008,2026-08-02,53.85
P008,2026-08-03,56.4
P008,2026-08-04,56.4
P008,2026-08-05,56.4
P008,2026-08-06,56.4
P008,2026-08-07,56.4
P008,2026-08-08,56.4
P008,2026-08-09,53.57
P008,2026-08-10,53.57
P008,2026-08-11,53.57
P008,2026-08-12,53.57
P008,2026-08-13,53.57
P008,2026-08-14,64.44
P008,2026-08-15,64.44
P008,2026-08-16,64.44
P008,2026-08-17,64.44
P008,2026-08-18,64.44
P009,2026-05-21,69.07
P009,2026-05-22,69.07
P009,2026-05-23,69.07
P009,2026-05-24,81.7
P009,2026-05-25,81.7
P009,2026-05-26,81.7
P009,2026-05-27,81.7
P009,2026-05-28,81.7
P009,2026-05-29,81.7
P009,2026-05-30,81.7
P009,2026-05-31,81.7
P009,2026-06-01,81.7
P009,2026-06-02,81.7
P009,2026-06-03,81.7
P009,2026-06-04,81.7
P009,2026-06-05,81.7
P009,2026-06-06,81.7
P009,2026-06-07,72.11
P009,2026-06-08,68.14
P009,2026-06-09,68.14
P009,2026-06-10,68.14
P009,2026-06-11,68.14
P009,2026-06-12,68.14
P009,2026-06-13,68.14
P009,2026-06-14,68.14
P009,2026-06-15,68.14
P009,2026-06-16,68.14
P009,2026-06-17,68.14
P009,2026-06-18,68.14
P009,2026-06-19,63.18
P009,2026-06-20,54.23
P009,2026-06-21,54.23
P009,2026-06-22,54.23
P009,2026-06-23,54.23
P009,2026-06-24,65.78
P009,2026-06-25,65.78
P009,2026-06-26,75.76
P009,2026-06-27,75.76
P009,2026-06-28,75.76
P009,2026-06-29,75.76
P009,2026-06-30,75.76
P009,2026-07-01,75.76
P009,2026-07-02,67.83
P009,2026-07-03,72.89
P009,2026-07-04,72.89
P009,2026-07-05,71.09
P009,2026-07-06,71.09
P009,2026-07-07,71.09
P009,2026-07-08,71.09
P009,2026-07-09,71.09
P009,2026-07-10,71.09
P009,2026-07-11,71.09
P009,2026-07-12,85.59
P009,2026-07-13,91.53
P009,2026-07-14,91.53
P009,2026-07-15,91.53
P009,2026-07-16,96.72
P009,2026-07-17,96.72
P009,2026-07-18,106.18
P009,2026-07-19,106.18
P009,2026-07-20,100.02
P009,2026-07-21,100.02
P009,2026-07-22,100.02
P009,2026-07-23,100.02
P009,2026-07-24,100.02
P009,2026-07-25,100.02
P009,2026-07-26,100.02
P009,2026-07-27,100.02
P009,2026-07-28,100.02
P009,2026-07-29,109.39
P009,2026-07-30,109.39
P009,2026-07-31,122.3
P009,2026-08-01,115.69
P009,2026-08-02,115.69
P009,2026-08-03,115.69
P009,2026-08-04,115.69
P009,2026-08-05,115.69
P009,2026-08-06,119.24
P009,2026-08-07,119.24
P009,2026-08-08,119.24
P009,2026-08-09,119.24
P009,2026-08-10,119.24
P009,2026-08-11,114.26
P009,2026-08-12,116.61
P009,2026-08-13,116.61
P009,2026-08-14,116.61
P009,2026-08-15,128.72
P009,2026-08-16,128.72
P009,2026-08-17,128.72
P009,2026-08-18,128.72
P010,2026-05-21,14.17
P010,2026-05-22,28.48
P010,2026-05-23,30.13
P010,2026-05-24,30.13
P010,2026-05-25,30.13
P010,2026-05-26,44.29
P010,2026-05-27,44.29
P010,2026-05-28,44.29
P010,2026-05-29,38.41
P010,2026-05-30,38.41
P010,2026-05-31,38.41
P010,2026-06-01,38.41
P010,2026-06-02,44.29
P010,2026-06-03,49.92
P010,2026-06-04,49.92
P010,2026-06-05,49.92
P010,2026-06-06,49.92
P010,2026-06-07,55.53
P010,2026-06-08,55.53
P010,2026-06-09,67.12
P010,2026-06-10,73.16
P010,2026-06-11,68.43
P010,2026-06-12,68.43
P010,2026-06-13,80.65
P010,2026-06-14,94.57
P010,2026-06-15,104.75
P010,2026-06-16,96.57
P010,2026-06-17,96.96
P010,2026-06-18,102.13
P010,2026-06-19,102.13
P010,2026-06-20,102.13
P010,2026-06-21,102.13
P010,2026-06-22,102.13
P010,2026-06-23,102.13
P010,2026-06-24,95.19
P010,2026-06-25,87.61
P010,2026-06-26,87.61
P010,2026-06-27,87.61
P010,2026-06-28,87.61
P010,2026-06-29,87.61
P010,2026-06-30,87.61
P010,2026-07-01,87.61
P010,2026-07-02,87.61
P010,2026-07-03,87.61
P010,2026-07-04,87.61
P010,2026-07-05,87.61
P010,2026-07-06,86.43
P010,2026-07-07,91.37
P010,2026-07-08,91.37
P010,2026-07-09,91.37
P010,2026-07-10,91.37
P010,2026-07-11,91.37
P010,2026-07-12,91.37
P010,2026-07-13,91.37
P010,2026-07-14,91.37
P010,2026-07-15,91.37
P010,2026-07-16,91.37
P010,2026-07-17,91.37
P010,2026-07-18,91.37
P010,2026-07-19,91.37
P010,2026-07-20,83.79
P010,2026-07-21,83.79
P010,2026-07-22,83.79
P010,2026-07-23,83.79
P010,2026-07-24,83.79
P010,2026-07-25,83.79
P010,2026-07-26,91.63
P010,2026-07-27,91.63
P010,2026-07-28,91.63
P010,2026-07-29,104.91
P010,2026-07-30,119.68
P010,2026-07-31,119.68
P010,2026-08-01,119.68
P010,2026-08-02,119.68
P010,2026-08-03,119.68
P010,2026-08-04,119.68
P010,2026-08-05,119.68
P010,2026-08-06,119.68
P010,2026-08-07,119.68
P010,2026-08-08,119.68
P010,2026-08-09,121.54
P010,2026-08-10,121.54
P010,2026-08-11,121.54
P010,2026-08-12,121.54
P010,2026-08-13,121.54
P010,2026-08-14,121.54
P010,2026-08-15,121.54
P010,2026-08-16,128.56
P010,2026-08-17,128.56
P010,2026-08-18,119.03
P011,2026-05-21,40.61
P011,2026-05-22,47.87
P011,2026-05-23,47.87
P011,2026-05-24,47.87
P011,2026-05-25,47.87
P011,2026-05-26,43.05
P011,2026-05-27,43.05
P011,2026-05-28,43.05
P011,2026-05-29,43.05
P011,2026-05-30,43.05
P011,2026-05-31,43.05
P011,2026-06-01,43.05
P011,2026-06-02,43.05
P011,2026-06-03,45.15
P011,2026-06-04,42.61
P011,2026-06-05,42.61
P011,2026-06-06,50.23
P011,2026-06-07,50.23
P011,2026-06-08,50.23
P011,2026-06-09,50.23
P011,2026-06-10,57.15
P011,2026-06-11,57.15
P011,2026-06-12,57.15
P011,2026-06-13,57.15
P011,2026-06-14,71.03
P011,2026-06-15,71.03
P011,2026-06-16,71.03
P011,2026-06-17,71.03
P011,2026-06-18,71.03
P011,2026-06-19,71.03
P011,2026-06-20,63.76
P011,2026-06-21,63.76
P011,2026-06-22,76.39
P011,2026-06-23,76.39
P011,2026-06-24,74.65
P011,2026-06-25,83.92
P011,2026-06-26,83.92
P011,2026-06-27,83.92
P011,2026-06-28,83.92
P011,2026-06-29,83.92
P011,2026-06-30,83.92
P011,2026-07-01,93.14
P011,2026-07-02,93.14
P011,2026-07-03,93.14
P011,2026-07-04,93.14
P011,2026-07-05,93.14
P011,2026-07-06,93.14
P011,2026-07-07,93.14
P011,2026-07-08,93.14
P011,2026-07-09,93.14
P011,2026-07-10,93.14
P011,2026-07-11,98.21
P011,2026-07-12,112.94
P011,2026-07-13,112.94
P011,2026-07-14,112.94
P011,2026-07-15,123.16
P011,2026-07-16,124.63
P011,2026-07-17,124.63
P011,2026-07-18,124.63
P011,2026-07-19,131.49
P011,2026-07-20,142.89
P011,2026-07-21,142.89
P011,2026-07-22,142.89
P011,2026-07-23,142.89
P011,2026-07-24,142.89
P011,2026-07-25,142.89
P011,2026-07-26,142.48
P011,2026-07-27,142.48
P011,2026-07-28,142.48
P011,2026-07-29,142.48
P011,2026-07-30,142.48
P011,2026-07-31,149.17
P011,2026-08-01,149.17
P011,2026-08-02,149.17
P011,2026-08-03,149.17
P011,2026-08-04,162.07
P011,2026-08-05,162.07
P011,2026-08-06,155.41
P011,2026-08-07,155.41
P011,2026-08-08,155.41
P011,2026-08-09,155.41
P011,2026-08-10,155.41
P011,2026-08-11,155.41
P011,2026-08-12,164.28
P011,2026-08-13,165.45
P011,2026-08-14,165.45
P011,2026-08-15,176.17
P011,2026-08-16,179.59
P011,2026-08-17,179.59
P011,2026-08-18,179.59
P012,2026-05-21,80.75
P012,2026-05-22,80.75
P012,2026-05-23,83.51
P012,2026-05-24,83.51
P012,2026-05-25,83.51
P012,2026-05-26,85.07
P012,2026-05-27,85.07
P012,2026-05-28,75.15
P012,2026-05-29,75.15
P012,2026-05-30,75.15
P012,2026-05-31,90.0
P012,2026-06-01,90.0
P012,2026-06-02,90.22
P012,2026-06-03,96.26
P012,2026-06-04,96.26
P012,2026-06-05,96.26
P012,2026-06-06,96.26
P012,2026-06-07,96.26
P012,2026-06-08,96.26
P012,2026-06-09,107.77
P012,2026-06-10,111.2
P012,2026-06-11,125.67
P012,2026-06-12,125.67
P012,2026-06-13,125.67
P012,2026-06-14,125.67
P012,2026-06-15,125.67
P012,2026-06-16,124.32
P012,2026-06-17,136.2
P012,2026-06-18,146.44
P012,2026-06-19,146.44
P012,2026-06-20,138.12
P012,2026-06-21,143.06
P012,2026-06-22,143.06
P012,2026-06-23,143.06
P012,2026-06-24,143.06
P012,2026-06-25,154.65
P012,2026-06-26,169.49
P012,2026-06-27,169.49
P012,2026-06-28,169.49
P012,2026-06-29,169.49
P012,2026-06-30,169.49
P012,2026-07-01,169.49
P012,2026-07-02,169.49
P012,2026-07-03,167.0
P012,2026-07-04,167.0
P012,2026-07-05,167.0
P012,2026-07-06,167.0
P012,2026-07-07,167.0
P012,2026-07-08,167.0
P012,2026-07-09,167.0
P012,2026-07-10,167.0
P012,2026-07-11,167.0
P012,2026-07-12,161.6
P012,2026-07-13,161.6
P012,2026-07-14,161.6
P012,2026-07-15,163.18
P012,2026-07-16,163.18
P012,2026-07-17,163.18
P012,2026-07-18,163.18
P012,2026-07-19,169.35
P012,2026-07-20,169.35
P012,2026-07-21,169.35
P012,2026-07-22,168.78
P012,2026-07-23,168.78
P012,2026-07-24,177.82
P012,2026-07-25,177.82
P012,2026-07-26,177.82
P012,2026-07-27,177.82
P012,2026-07-28,172.57
P012,2026-07-29,187.56
P012,2026-07-30,187.56
P012,2026-07-31,187.56
P012,2026-08-01,187.56
P012,2026-08-02,187.56
P012,2026-08-03,189.22
P012,2026-08-04,189.22
P012,2026-08-05,189.22
P012,2026-08-06,189.22
P012,2026-08-07,189.22
P012,2026-08-08,189.22
P012,2026-08-09,189.22
P012,2026-08-10,189.22
P012,2026-08-11,189.22
P012,2026-08-12,202.59
P012,2026-08-13,202.59
P012,2026-08-14,200.84
P012,2026-08-15,200.84
P012,2026-08-16,200.84
P012,2026-08-17,200.84
P012,2026-08-18,211.38
P013,2026-05-21,13.72
P013,2026-05-22,13.72
P013,2026-05-23,23.59
P013,2026-05-24,27.25
P013,2026-05-25,27.25
P013,2026-05-26,27.25
P013,2026-05-27,27.25
P013,2026-05-28,27.25
P013,2026-05-29,17.41
P013,2026-05-30,17.41
P013,2026-05-31,11.19
P013,2026-06-01,11.19
P013,2026-06-02,17.13
P013,2026-06-03,17.13
P013,2026-06-04,17.13
P013,2026-06-05,17.13
P013,2026-06-06,20.37
P013,2026-06-07,20.37
P013,2026-06-08,30.7
P013,2026-06-09,30.7
P013,2026-06-10,23.11
P013,2026-06-11,28.6
P013,2026-06-12,28.6
P013,2026-06-13,28.6
P013,2026-06-14,28.6
P013,2026-06-15,28.6
P013,2026-06-16,28.6
P013,2026-06-17,39.3
P013,2026-06-18,39.3
P013,2026-06-19,39.3
P013,2026-06-20,39.3
P013,2026-06-21,39.3
P013,2026-06-22,39.3
P013,2026-06-23,41.8
P013,2026-06-24,41.8
P013,2026-06-25,41.8
P013,2026-06-26,41.8
P013,2026-06-27,54.33
P013,2026-06-28,54.33
P013,2026-06-29,67.43
P013,2026-06-30,67.43
P013,2026-07-01,67.43
P013,2026-07-02,78.69
P013,2026-07-03,78.69
P013,2026-07-04,89.21
P013,2026-07-05,89.21
P013,2026-07-06,85.22
P013,2026-07-07,85.22
P013,2026-07-08,85.22
P013,2026-07-09,85.22
P013,2026-07-10,85.22
P013,2026-07-11,93.86
P013,2026-07-12,94.79
P013,2026-07-13,94.79
P013,2026-07-14,94.79
P013,2026-07-15,94.79
P013,2026-07-16,94.79
P013,2026-07-17,109.6
P013,2026-07-18,113.43
P013,2026-07-19,113.43
P013,2026-07-20,113.43
P013,2026-07-21,118.9
P013,2026-07-22,118.9
P013,2026-07-23,118.4
P013,2026-07-24,118.4
P013,2026-07-25,118.4
P013,2026-07-26,108.53
P013,2026-07-27,108.53
P013,2026-07-28,101.84
P013,2026-07-29,101.84
P013,2026-07-30,101.84
P013,2026-07-31,94.08
P013,2026-08-01,99.03
P013,2026-08-02,99.03
P013,2026-08-03,98.72
P013,2026-08-04,98.72
P013,2026-08-05,98.72
P013,2026-08-06,98.72
P013,2026-08-07,98.72
P013,2026-08-08,96.25
P013,2026-08-09,90.43
P013,2026-08-10,90.43
P013,2026-08-11,90.43
P013,2026-08-12,86.59
P013,2026-08-13,86.59
P013,2026-08-14,79.26
P013,2026-08-15,79.15
P013,2026-08-16,79.15
P013,2026-08-17,79.15
P013,2026-08-18,79.15
P014,2026-05-21,37.84
P014,2026-05-22,35.86
P014,2026-05-23,33.71
P014,2026-05-24,33.71
P014,2026-05-25,33.71
P014,2026-05-26,33.71
P014,2026-05-27,33.71
P014,2026-05-28,33.71
P014,2026-05-29,33.71
P014,2026-05-30,33.71
P014,2026-05-31,33.71
P014,2026-06-01,42.9
P014,2026-06-02,42.9
P014,2026-06-03,42.9
P014,2026-06-04,42.9
P014,2026-06-05,42.9
P014,2026-06-06,42.9
P014,2026-06-07,42.9
P014,2026-06-08,42.9
P014,2026-06-09,42.9
P014,2026-06-10,42.9
P014,2026-06-11,42.9
P014,2026-06-12,57.67
P014,2026-06-13,57.67
P014,2026-06-14,57.67
P014,2026-06-15,57.67
P014,2026-06-16,57.67
P014,2026-06-17,57.67
P014,2026-06-18,57.67
P014,2026-06-19,53.88
P014,2026-06-20,53.88
P014,2026-06-21,53.88
P014,2026-06-22,53.88
P014,2026-06-23,53.88
P014,2026-06-24,53.88
P014,2026-06-25,53.88
P014,2026-06-26,49.43
P014,2026-06-27,49.43
P014,2026-06-28,49.43
P014,2026-06-29,49.43
P014,2026-06-30,49.43
P014,2026-07-01,49.43
P014,2026-07-02,64.37
P014,2026-07-03,64.77
P014,2026-07-04,78.29
P014,2026-07-05,78.29
P014,2026-07-06,78.29
P014,2026-07-07,78.29
P014,2026-07-08,78.29
P014,2026-07-09,78.29
P014,2026-07-10,78.29
P014,2026-07-11,86.06
P014,2026-07-12,86.06
P014,2026-07-13,96.06
P014,2026-07-14,90.42
P014,2026-07-15,90.42
P014,2026-07-16,90.42
P014,2026-07-17,90.42
P014,2026-07-18,96.43
P014,2026-07-19,96.43
P014,2026-07-20,96.43
P014,2026-07-21,96.43
P014,2026-07-22,96.43
P014,2026-07-23,93.39
P014,2026-07-24,93.39
P014,2026-07-25,93.39
P014,2026-07-26,91.54
P014,2026-07-27,98.31
P014,2026-07-28,98.31
P014,2026-07-29,98.31
P014,2026-07-30,98.31
P014,2026-07-31,97.11
P014,2026-08-01,97.11
P014,2026-08-02,97.11
P014,2026-08-03,97.11
P014,2026-08-04,90.46
P014,2026-08-05,83.38
P014,2026-08-06,83.38
P014,2026-08-07,83.38
P014,2026-08-08,82.97
P014,2026-08-09,82.97
P014,2026-08-10,82.97
P014,2026-08-11,82.97
P014,2026-08-12,82.97
P014,2026-08-13,77.65
P014,2026-08-14,77.65
P014,2026-08-15,77.65
P014,2026-08-16,88.03
P014,2026-08-17,88.03
P014,2026-08-18,88.03
P015,2026-05-21,100.98
P015,2026-05-22,100.98
P015,2026-05-23,100.98
P015,2026-05-24,100.98
P015,2026-05-25,100.98
P015,2026-05-26,96.6
P015,2026-05-27,98.03
P015,2026-05-28,98.03
P015,2026-05-29,98.03
P015,2026-05-30,98.03
P015,2026-05-31,98.03
P015,2026-06-01,98.03
P015,2026-06-02,106.0
P015,2026-06-03,106.63
P015,2026-06-04,106.63
P015,2026-06-05,118.5
P015,2026-06-06,118.5
P015,2026-06-07,118.5
P015,2026-06-08,118.5
P015,2026-06-09,118.5
P015,2026-06-10,126.94
P015,2026-06-11,126.94
P015,2026-06-12,126.94
P015,2026-06-13,120.42
P015,2026-06-14,120.42
P015,2026-06-15,120.42
P015,2026-06-16,123.89
P015,2026-06-17,123.89
P015,2026-06-18,120.57
P015,2026-06-19,120.57
P015,2026-06-20,120.57
P015,2026-06-21,120.57
P015,2026-06-22,120.57
P015,2026-06-23,120.57
P015,2026-06-24,132.22
P015,2026-06-25,130.27
P015,2026-06-26,130.27
P015,2026-06-27,130.27
P015,2026-06-28,130.27
P015,2026-06-29,130.27
P015,2026-06-30,130.27
P015,2026-07-01,130.27
P015,2026-07-02,133.16
P015,2026-07-03,133.16
P015,2026-07-04,133.16
P015,2026-07-05,133.16
P015,2026-07-06,133.16
P015,2026-07-07,147.46
P015,2026-07-08,147.46
P015,2026-07-09,147.46
P015,2026-07-10,147.46
P015,2026-07-11,147.46
P015,2026-07-12,147.46
P015,2026-07-13,147.46
P015,2026-07-14,147.46
P015,2026-07-15,147.46
P015,2026-07-16,147.46
P015,2026-07-17,147.46
P015,2026-07-18,157.06
P015,2026-07-19,170.3
P015,2026-07-20,170.3
P015,2026-07-21,170.3
P015,2026-07-22,177.51
P015,2026-07-23,177.51
P015,2026-07-24,190.83
P015,2026-07-25,189.84
P015,2026-07-26,189.84
P015,2026-07-27,189.75
P015,2026-07-28,189.75
P015,2026-07-29,196.14
P015,2026-07-30,191.48
P015,2026-07-31,187.13
P015,2026-08-01,187.13
P015,2026-08-02,187.13
P015,2026-08-03,187.13
P015,2026-08-04,187.13
P015,2026-08-05,186.71
P015,2026-08-06,186.71
P015,2026-08-07,186.71
P015,2026-08-08,196.05
P015,2026-08-09,196.05
P015,2026-08-10,196.05
P015,2026-08-11,200.13
P015,2026-08-12,200.13
P015,2026-08-13,200.13
P015,2026-08-14,200.13
P015,2026-08-15,200.13
P015,2026-08-16,200.13
P015,2026-08-17,192.64
P015,2026-08-18,200.89
P016,2026-05-21,86.29
P016,2026-05-22,86.29
P016,2026-05-23,92.41
P016,2026-05-24,92.41
P016,2026-05-25,92.41
P016,2026-05-26,92.41
P016,2026-05-27,103.59
P016,2026-05-28,108.76
P016,2026-05-29,108.76
P016,2026-05-30,108.76
P016,2026-05-31,108.76
P016,2026-06-01,108.76
P016,2026-06-02,114.71
P016,2026-06-03,114.71
P016,2026-06-04,114.71
P016,2026-06-05,126.23
P016,2026-06-06,126.23
P016,2026-06-07,126.23
P016,2026-06-08,126.23
P016,2026-06-09,130.91
P016,2026-06-10,121.91
P016,2026-06-11,121.91
P016,2026-06-12,121.91
P016,2026-06-13,121.91
P016,2026-06-14,121.91
P016,2026-06-15,121.91
P016,2026-06-16,121.91
P016,2026-06-17,114.0
P016,2026-06-18,114.0
P016,2026-06-19,114.0
P016,2026-06-20,114.0
P016,2026-06-21,114.0
P016,2026-06-22,114.0
P016,2026-06-23,114.0
P016,2026-06-24,114.0
P016,2026-06-25,114.0
P016,2026-06-26,106.16
P016,2026-06-27,111.47
P016,2026-06-28,111.47
P016,2026-06-29,111.47
P016,2026-06-30,119.17
P016,2026-07-01,121.58
P016,2026-07-02,121.58
P016,2026-07-03,121.58
P016,2026-07-04,114.75
P016,2026-07-05,114.75
P016,2026-07-06,114.75
P016,2026-07-07,114.75
P016,2026-07-08,114.75
P016,2026-07-09,114.75
P016,2026-07-10,114.75
P016,2026-07-11,114.75
P016,2026-07-12,114.75
P016,2026-07-13,126.23
P016,2026-07-14,126.23
P016,2026-07-15,126.23
P016,2026-07-16,126.23
P016,2026-07-17,128.95
P016,2026-07-18,128.95
P016,2026-07-19,130.74
P016,2026-07-20,130.74
P016,2026-07-21,130.74
P016,2026-07-22,130.74
P016,2026-07-23,130.74
P016,2026-07-24,126.95
P016,2026-07-25,126.95
P016,2026-07-26,126.95
P016,2026-07-27,126.95
P016,2026-07-28,137.06
P016,2026-07-29,137.06
P016,2026-07-30,137.06
P016,2026-07-31,137.06
P016,2026-08-01,137.06
P016,2026-08-02,137.06
P016,2026-08-03,141.16
P016,2026-08-04,141.16
P016,2026-08-05,141.16
P016,2026-08-06,141.16
P016,2026-08-07,141.16
P016,2026-08-08,141.16
P016,2026-08-09,141.16
P016,2026-08-10,141.41
P016,2026-08-11,141.41
P016,2026-08-12,141.41
P016,2026-08-13,141.41
P016,2026-08-14,141.41
P016,2026-08-15,141.41
P016,2026-08-16,141.41
P016,2026-08-17,141.41
P016,2026-08-18,141.41
P017,2026-05-21,40.86
P017,2026-05-22,40.86
P017,2026-05-23,36.65
P017,2026-05-24,36.65
P017,2026-05-25,36.65
P017,2026-05-26,29.04
P017,2026-05-27,29.04
P017,2026-05-28,33.24
P017,2026-05-29,33.24
P017,2026-05-30,29.76
P017,2026-05-31,29.76
P017,2026-06-01,29.76
P017,2026-06-02,29.76
P017,2026-06-03,21.63
P017,2026-06-04,30.88
P017,2026-06-05,24.99
P017,2026-06-06,24.99
P017,2026-06-07,24.99
P017,2026-06-08,22.7
P017,2026-06-09,22.7
P017,2026-06-10,29.85
P017,2026-06-11,29.85
P017,2026-06-12,41.26
P017,2026-06-13,37.47
P017,2026-06-14,37.47
P017,2026-06-15,37.47
P017,2026-06-16,37.47
P017,2026-06-17,37.58
P017,2026-06-18,37.58
P017,2026-06-19,39.13
P017,2026-06-20,29.43
P017,2026-06-21,29.43
P017,2026-06-22,29.44
P017,2026-06-23,29.44
P017,2026-06-24,34.09
P017,2026-06-25,25.7
P017,2026-06-26,25.7
P017,2026-06-27,36.88
P017,2026-06-28,50.44
P017,2026-06-29,54.79
P017,2026-06-30,54.79
P017,2026-07-01,54.79
P017,2026-07-02,50.16
P017,2026-07-03,51.31
P017,2026-07-04,56.79
P017,2026-07-05,56.79
P017,2026-07-06,56.79
P017,2026-07-07,56.79
P017,2026-07-08,50.22
P017,2026-07-09,50.22
P017,2026-07-10,65.07
P017,2026-07-11,65.07
P017,2026-07-12,65.07
P017,2026-07-13,65.07
P017,2026-07-14,65.07
P017,2026-07-15,65.07
P017,2026-07-16,55.72
P017,2026-07-17,68.11
P017,2026-07-18,78.33
P017,2026-07-19,78.33
P017,2026-07-20,78.33
P017,2026-07-21,78.33
P017,2026-07-22,74.36
P017,2026-07-23,74.36
P017,2026-07-24,89.27
P017,2026-07-25,89.27
P017,2026-07-26,89.27
P017,2026-07-27,94.08
P017,2026-07-28,94.08
P017,2026-07-29,101.59
P017,2026-07-30,101.59
P017,2026-07-31,101.59
P017,2026-08-01,101.59
P017,2026-08-02,101.59
P017,2026-08-03,106.63
P017,2026-08-04,106.63
P017,2026-08-05,106.63
P017,2026-08-06,99.89
P017,2026-08-07,109.95
P017,2026-08-08,103.64
P017,2026-08-09,103.64
P017,2026-08-10,106.8
P017,2026-08-11,106.8
P017,2026-08-12,106.8
P017,2026-08-13,106.8
P017,2026-08-14,106.8
P017,2026-08-15,100.74
P017,2026-08-16,100.74
P017,2026-08-17,100.74
P017,2026-08-18,100.74
P018,2026-05-21,92.5
P018,2026-05-22,92.5
P018,2026-05-23,92.5
P018,2026-05-24,92.5
P018,2026-05-25,92.5
P018,2026-05-26,92.5
P018,2026-05-27,82.54
P018,2026-05-28,82.54
P018,2026-05-29,82.54
P018,2026-05-30,82.54
P018,2026-05-31,80.5
P018,2026-06-01,84.64
P018,2026-06-02,93.27
P018,2026-06-03,93.27
P018,2026-06-04,105.4
P018,2026-06-05,105.4
P018,2026-06-06,105.4
P018,2026-06-07,105.4
P018,2026-06-08,112.73
P018,2026-06-09,105.43
P018,2026-06-10,106.39
P018,2026-06-11,106.39
P018,2026-06-12,106.39
P018,2026-06-13,106.39
P018,2026-06-14,108.38
P018,2026-06-15,108.38
P018,2026-06-16,109.66
P018,2026-06-17,107.63
P018,2026-06-18,101.88
P018,2026-06-19,93.76
P018,2026-06-20,93.76
P018,2026-06-21,93.76
P018,2026-06-22,107.32
P018,2026-06-23,107.32
P018,2026-06-24,99.85
P018,2026-06-25,99.85
P018,2026-06-26,99.85
P018,2026-06-27,99.85
P018,2026-06-28,96.89
P018,2026-06-29,96.71
P018,2026-06-30,96.71
P018,2026-07-01,86.81
P018,2026-07-02,93.36
P018,2026-07-03,93.36
P018,2026-07-04,87.63
P018,2026-07-05,87.63
P018,2026-07-06,87.63
P018,2026-07-07,87.63
P018,2026-07-08,87.63
P018,2026-07-09,93.68
P018,2026-07-10,105.82
P018,2026-07-11,96.94
P018,2026-07-12,96.94
P018,2026-07-13,96.94
P018,2026-07-14,105.75
P018,2026-07-15,112.45
P018,2026-07-16,112.45
P018,2026-07-17,112.45
P018,2026-07-18,112.13
P018,2026-07-19,112.13
P018,2026-07-20,112.13
P018,2026-07-21,112.13
P018,2026-07-22,112.13
P018,2026-07-23,112.13
P018,2026-07-24,116.41
P018,2026-07-25,116.41
P018,2026-07-26,116.41
P018,2026-07-27,125.34
P018,2026-07-28,125.34
P018,2026-07-29,125.34
P018,2026-07-30,125.92
P018,2026-07-31,125.92
P018,2026-08-01,130.8
P018,2026-08-02,130.8
P018,2026-08-03,134.71
P018,2026-08-04,134.71
P018,2026-08-05,134.71
P018,2026-08-06,134.71
P018,2026-08-07,134.71
P018,2026-08-08,134.71
P018,2026-08-09,138.87
P018,2026-08-10,138.87
P018,2026-08-11,138.87
P018,2026-08-12,138.87
P018,2026-08-13,142.26
P018,2026-08-14,142.26
P018,2026-08-15,142.26
P018,2026-08-16,142.26
P018,2026-08-17,139.15
P018,2026-08-18,139.15
P019,2026-05-21,123.32
P019,2026-05-22,123.32
P019,2026-05-23,123.32
P019,2026-05-24,123.32
P019,2026-05-25,123.32
P019,2026-05-26,123.32
P019,2026-05-27,123.32
P019,2026-05-28,123.32
P019,2026-05-29,123.32
P019,2026-05-30,123.32
P019,2026-05-31,137.68
P019,2026-06-01,137.68
P019,2026-06-02,138.1
P019,2026-06-03,139.14
P019,2026-06-04,139.14
P019,2026-06-05,139.14
P019,2026-06-06,139.14
P019,2026-06-07,139.14
P019,2026-06-08,139.14
P019,2026-06-09,139.14
P019,2026-06-10,139.14
P019,2026-06-11,133.96
P019,2026-06-12,133.96
P019,2026-06-13,125.22
P019,2026-06-14,125.22
P019,2026-06-15,125.22
P019,2026-06-16,125.22
P019,2026-06-17,125.22
P019,2026-06-18,124.53
P019,2026-06-19,124.53
P019,2026-06-20,124.53
P019,2026-06-21,124.53
P019,2026-06-22,124.53
P019,2026-06-23,115.22
P019,2026-06-24,119.53
P019,2026-06-25,119.53
P019,2026-06-26,114.7
P019,2026-06-27,114.7
P019,2026-06-28,114.7
P019,2026-06-29,114.7
P019,2026-06-30,114.7
P019,2026-07-01,124.72
P019,2026-07-02,134.85
P019,2026-07-03,134.85
P019,2026-07-04,134.85
P019,2026-07-05,134.85
P019,2026-07-06,134.85
P019,2026-07-07,134.85
P019,2026-07-08,134.85
P019,2026-07-09,134.85
P019,2026-07-10,149.84
P019,2026-07-11,149.84
P019,2026-07-12,149.84
P019,2026-07-13,149.84
P019,2026-07-14,164.55
P019,2026-07-15,164.55
P019,2026-07-16,172.33
P019,2026-07-17,166.08
P019,2026-07-18,157.5
P019,2026-07-19,157.5
P019,2026-07-20,157.5
P019,2026-07-21,159.93
P019,2026-07-22,160.39
P019,2026-07-23,160.39
P019,2026-07-24,160.39
P019,2026-07-25,160.39
P019,2026-07-26,160.39
P019,2026-07-27,160.39
P019,2026-07-28,160.39
P019,2026-07-29,160.39
P019,2026-07-30,160.39
P019,2026-07-31,160.39
P019,2026-08-01,162.16
P019,2026-08-02,172.37
P019,2026-08-03,172.37
P019,2026-08-04,172.37
P019,2026-08-05,171.25
P019,2026-08-06,171.25
P019,2026-08-07,171.25
P019,2026-08-08,171.25
P019,2026-08-09,182.53
P019,2026-08-10,188.39
P019,2026-08-11,188.39
P019,2026-08-12,188.39
P019,2026-08-13,188.39
P019,2026-08-14,188.39
P019,2026-08-15,188.39
P019,2026-08-16,183.4
P019,2026-08-17,183.4
P019,2026-08-18,194.96
P020,2026-05-21,10.91
P020,2026-05-22,9.23
P020,2026-05-23,9.23
P020,2026-05-24,6.07
P020,2026-05-25,6.07
P020,2026-05-26,6.07
P020,2026-05-27,6.07
P020,2026-05-28,11.43
P020,2026-05-29,11.43
P020,2026-05-30,11.43
P020,2026-05-31,14.77
P020,2026-06-01,14.77
P020,2026-06-02,14.77
P020,2026-06-03,14.77
P020,2026-06-04,5.0
P020,2026-06-05,12.34
P020,2026-06-06,12.34
P020,2026-06-07,12.34
P020,2026-06-08,12.34
P020,2026-06-09,12.34
P020,2026-06-10,12.34
P020,2026-06-11,12.34
P020,2026-06-12,12.34
P020,2026-06-13,12.34
P020,2026-06-14,12.34
P020,2026-06-15,12.34
P020,2026-06-16,25.01
P020,2026-06-17,20.62
P020,2026-06-18,11.17
P020,2026-06-19,10.33
P020,2026-06-20,10.33
P020,2026-06-21,10.33
P020,2026-06-22,10.33
P020,2026-06-23,25.2
P020,2026-06-24,36.1
P020,2026-06-25,36.1
P020,2026-06-26,36.1
P020,2026-06-27,36.1
P020,2026-06-28,36.1
P020,2026-06-29,36.1
P020,2026-06-30,36.62
P020,2026-07-01,36.62
P020,2026-07-02,36.62
P020,2026-07-03,47.39
P020,2026-07-04,47.39
P020,2026-07-05,40.24
P020,2026-07-06,40.24
P020,2026-07-07,36.81
P020,2026-07-08,36.81
P020,2026-07-09,36.81
P020,2026-07-10,40.51
P020,2026-07-11,40.51
P020,2026-07-12,40.51
P020,2026-07-13,32.74
P020,2026-07-14,32.74
P020,2026-07-15,32.74
P020,2026-07-16,32.74
P020,2026-07-17,32.74
P020,2026-07-18,32.74
P020,2026-07-19,47.46
P020,2026-07-20,38.71
P020,2026-07-21,38.71
P020,2026-07-22,38.71
P020,2026-07-23,38.71
P020,2026-07-24,49.99
P020,2026-07-25,43.45
P020,2026-07-26,42.39
P020,2026-07-27,42.39
P020,2026-07-28,42.39
P020,2026-07-29,42.39
P020,2026-07-30,42.41
P020,2026-07-31,42.05
P020,2026-08-01,42.05
P020,2026-08-02,42.05
P020,2026-08-03,49.45
P020,2026-08-04,49.45
P020,2026-08-05,62.23
P020,2026-08-06,62.23
P020,2026-08-07,62.23
P020,2026-08-08,62.23
P020,2026-08-09,62.23
P020,2026-08-10,62.23
P020,2026-08-11,62.23
P020,2026-08-12,62.23
P020,2026-08-13,62.51
P020,2026-08-14,68.88
P020,2026-08-15,68.88
P020,2026-08-16,68.88
P020,2026-08-17,68.88
P020,2026-08-18,82.77
P021,2026-05-21,122.81
P021,2026-05-22,122.81
P021,2026-05-23,122.81
P021,2026-05-24,122.81
P021,2026-05-25,122.81
P021,2026-05-26,122.81
P021,2026-05-27,133.47
P021,2026-05-28,139.55
P021,2026-05-29,139.55
P021,2026-05-30,139.55
P021,2026-05-31,141.84
P021,2026-06-01,141.84
P021,2026-06-02,137.41
P021,2026-06-03,137.41
P021,2026-06-04,138.51
P021,2026-06-05,138.51
P021,2026-06-06,138.51
P021,2026-06-07,138.51
P021,2026-06-08,138.51
P021,2026-06-09,138.51
P021,2026-06-10,138.51
P021,2026-06-11,138.51
P021,2026-06-12,138.51
P021,2026-06-13,138.51
P021,2026-06-14,138.51
P021,2026-06-15,138.51
P021,2026-06-16,138.51
P021,2026-06-17,138.51
P021,2026-06-18,138.51
P021,2026-06-19,138.51
P021,2026-06-20,138.51
P021,2026-06-21,138.51
P021,2026-06-22,144.98
P021,2026-06-23,144.98
P021,2026-06-24,144.98
P021,2026-06-25,144.98
P021,2026-06-26,144.98
P021,2026-06-27,144.98
P021,2026-06-28,152.9
P021,2026-06-29,152.9
P021,2026-06-30,152.9
P021,2026-07-01,164.2
P021,2026-07-02,164.2
P021,2026-07-03,162.65
P021,2026-07-04,162.65
P021,2026-07-05,162.65
P021,2026-07-06,174.94
P021,2026-07-07,174.94
P021,2026-07-08,177.41
P021,2026-07-09,177.41
P021,2026-07-10,177.41
P021,2026-07-11,177.41
P021,2026-07-12,177.41
P021,2026-07-13,177.41
P021,2026-07-14,177.41
P021,2026-07-15,183.85
P021,2026-07-16,183.85
P021,2026-07-17,183.85
P021,2026-07-18,183.85
P021,2026-07-19,183.85
P021,2026-07-20,183.85
P021,2026-07-21,183.85
P021,2026-07-22,183.85
P021,2026-07-23,183.85
P021,2026-07-24,183.85
P021,2026-07-25,191.39
P021,2026-07-26,191.39
P021,2026-07-27,191.39
P021,2026-07-28,199.25
P021,2026-07-29,199.25
P021,2026-07-30,207.01
P021,2026-07-31,207.01
P021,2026-08-01,207.01
P021,2026-08-02,205.82
P021,2026-08-03,205.82
P021,2026-08-04,205.82
P021,2026-08-05,205.82
P021,2026-08-06,217.0
P021,2026-08-07,217.0
P021,2026-08-08,217.0
P021,2026-08-09,217.0
P021,2026-08-10,226.64
P021,2026-08-11,226.64
P021,2026-08-12,226.64
P021,2026-08-13,226.64
P021,2026-08-14,226.64
P021,2026-08-15,226.64
P021,2026-08-16,238.34
P021,2026-08-17,238.34
P021,2026-08-18,238.34
P022,2026-05-21,107.74
P022,2026-05-22,117.35
P022,2026-05-23,123.96
P022,2026-05-24,123.96
P022,2026-05-25,123.96
P022,2026-05-26,123.96
P022,2026-05-27,120.24
P022,2026-05-28,120.24
P022,2026-05-29,120.24
P022,2026-05-30,120.24
P022,2026-05-31,120.24
P022,2026-06-01,120.24
P022,2026-06-02,128.36
P022,2026-06-03,122.8
P022,2026-06-04,136.86
P022,2026-06-05,136.86
P022,2026-06-06,133.84
P022,2026-06-07,138.44
P022,2026-06-08,140.1
P022,2026-06-09,153.32
P022,2026-06-10,166.63
P022,2026-06-11,166.63
P022,2026-06-12,166.63
P022,2026-06-13,166.63
P022,2026-06-14,166.63
P022,2026-06-15,166.63
P022,2026-06-16,166.63
P022,2026-06-17,166.63
P022,2026-06-18,166.63
P022,2026-06-19,162.16
P022,2026-06-20,162.16
P022,2026-06-21,162.16
P022,2026-06-22,162.16
P022,2026-06-23,162.16
P022,2026-06-24,162.16
P022,2026-06-25,168.88
P022,2026-06-26,174.94
P022,2026-06-27,165.94
P022,2026-06-28,165.94
P022,2026-06-29,165.94
P022,2026-06-30,174.04
P022,2026-07-01,174.04
P022,2026-07-02,174.04
P022,2026-07-03,174.04
P022,2026-07-04,180.33
P022,2026-07-05,180.33
P022,2026-07-06,194.24
P022,2026-07-07,194.24
P022,2026-07-08,201.0
P022,2026-07-09,208.14
P022,2026-07-10,218.86
P022,2026-07-11,218.86
P022,2026-07-12,218.86
P022,2026-07-13,218.86
P022,2026-07-14,226.78
P022,2026-07-15,218.14
P022,2026-07-16,209.9
P022,2026-07-17,209.9
P022,2026-07-18,209.9
P022,2026-07-19,209.9
P022,2026-07-20,216.73
P022,2026-07-21,224.74
P022,2026-07-22,224.74
P022,2026-07-23,235.95
P022,2026-07-24,235.95
P022,2026-07-25,243.1
P022,2026-07-26,252.23
P022,2026-07-27,252.23
P022,2026-07-28,246.14
P022,2026-07-29,245.91
P022,2026-07-30,251.76
P022,2026-07-31,251.76
P022,2026-08-01,251.76
P022,2026-08-02,251.76
P022,2026-08-03,251.76
P022,2026-08-04,242.8
P022,2026-08-05,242.8
P022,2026-08-06,242.8
P022,2026-08-07,242.8
P022,2026-08-08,242.8
P022,2026-08-09,242.8
P022,2026-08-10,242.8
P022,2026-08-11,237.4
P022,2026-08-12,237.4
P022,2026-08-13,244.17
P022,2026-08-14,244.17
P022,2026-08-15,244.17
P022,2026-08-16,244.17
P022,2026-08-17,250.96
P022,2026-08-18,259.1
P023,2026-05-21,57.64
P023,2026-05-22,57.64
P023,2026-05-23,57.64
P023,2026-05-24,49.39
P023,2026-05-25,49.39
P023,2026-05-26,49.39
P023,2026-05-27,49.39
P023,2026-05-28,53.56
P023,2026-05-29,53.56
P023,2026-05-30,49.71
P023,2026-05-31,49.71
P023,2026-06-01,49.71
P023,2026-06-02,58.03
P023,2026-06-03,58.03
P023,2026-06-04,58.03
P023,2026-06-05,58.03
P023,2026-06-06,58.03
P023,2026-06-07,58.03
P023,2026-06-08,58.03
P023,2026-06-09,70.19
P023,2026-06-10,70.19
P023,2026-06-11,70.19
P023,2026-06-12,74.74
P023,2026-06-13,74.74
P023,2026-06-14,74.74
P023,2026-06-15,87.09
P023,2026-06-16,87.09
P023,2026-06-17,86.9
P023,2026-06-18,86.9
P023,2026-06-19,89.43
P023,2026-06-20,89.43
P023,2026-06-21,85.4
P023,2026-06-22,85.4
P023,2026-06-23,85.4
P023,2026-06-24,89.56
P023,2026-06-25,89.56
P023,2026-06-26,89.56
P023,2026-06-27,89.56
P023,2026-06-28,91.75
P023,2026-06-29,87.6
P023,2026-06-30,100.29
P023,2026-07-01,100.29
P023,2026-07-02,100.29
P023,2026-07-03,100.29
P023,2026-07-04,114.5
P023,2026-07-05,114.5
P023,2026-07-06,118.11
P023,2026-07-07,118.11
P023,2026-07-08,118.11
P023,2026-07-09,118.11
P023,2026-07-10,118.11
P023,2026-07-11,118.11
P023,2026-07-12,118.11
P023,2026-07-13,118.11
P023,2026-07-14,118.11
P023,2026-07-15,118.11
P023,2026-07-16,118.11
P023,2026-07-17,118.11
P023,2026-07-18,124.2
P023,2026-07-19,118.13
P023,2026-07-20,118.13
P023,2026-07-21,118.13
P023,2026-07-22,118.13
P023,2026-07-23,125.01
P023,2026-07-24,119.04
P023,2026-07-25,110.12
P023,2026-07-26,110.12
P023,2026-07-27,110.12
P023,2026-07-28,110.12
P023,2026-07-29,106.58
P023,2026-07-30,106.58
P023,2026-07-31,106.58
P023,2026-08-01,106.58
P023,2026-08-02,106.58
P023,2026-08-03,106.58
P023,2026-08-04,106.58
P023,2026-08-05,106.58
P023,2026-08-06,106.85
P023,2026-08-07,106.85
P023,2026-08-08,113.34
P023,2026-08-09,120.48
P023,2026-08-10,120.48
P023,2026-08-11,120.12
P023,2026-08-12,123.19
P023,2026-08-13,123.19
P023,2026-08-14,123.19
P023,2026-08-15,123.19
P023,2026-08-16,123.19
P023,2026-08-17,123.19
P023,2026-08-18,125.25
P024,2026-05-21,31.77
P024,2026-05-22,31.77
P024,2026-05-23,31.77
P024,2026-05-24,31.77
P024,2026-05-25,31.77
P024,2026-05-26,31.77
P024,2026-05-27,31.77
P024,2026-05-28,31.77
P024,2026-05-29,31.77
P024,2026-05-30,31.77
P024,2026-05-31,31.77
P024,2026-06-01,31.77
P024,2026-06-02,33.7
P024,2026-06-03,33.7
P024,2026-06-04,45.62
P024,2026-06-05,35.76
P024,2026-06-06,35.76
P024,2026-06-07,35.76
P024,2026-06-08,42.12
P024,2026-06-09,42.12
P024,2026-06-10,42.12
P024,2026-06-11,42.12
P024,2026-06-12,53.49
P024,2026-06-13,53.49
P024,2026-06-14,60.51
P024,2026-06-15,64.31
P024,2026-06-16,64.31
P024,2026-06-17,64.31
P024,2026-06-18,61.98
P024,2026-06-19,61.98
P024,2026-06-20,61.98
P024,2026-06-21,57.72
P024,2026-06-22,57.72
P024,2026-06-23,60.43
P024,2026-06-24,60.43
P024,2026-06-25,60.43
P024,2026-06-26,60.43
P024,2026-06-27,60.43
P024,2026-06-28,52.71
P024,2026-06-29,52.71
P024,2026-06-30,52.71
P024,2026-07-01,51.98
P024,2026-07-02,51.59
P024,2026-07-03,51.59
P024,2026-07-04,65.68
P024,2026-07-05,65.68
P024,2026-07-06,65.68
P024,2026-07-07,76.94
P024,2026-07-08,67.78
P024,2026-07-09,67.78
P024,2026-07-10,62.02
P024,2026-07-11,62.02
P024,2026-07-12,55.96
P024,2026-07-13,55.96
P024,2026-07-14,55.96
P024,2026-07-15,55.96
P024,2026-07-16,63.55
P024,2026-07-17,63.55
P024,2026-07-18,63.55
P024,2026-07-19,63.55
P024,2026-07-20,77.63
P024,2026-07-21,77.63
P024,2026-07-22,72.01
P024,2026-07-23,63.82
P024,2026-07-24,63.82
P024,2026-07-25,63.82
P024,2026-07-26,63.82
P024,2026-07-27,63.82
P024,2026-07-28,63.82
P024,2026-07-29,63.82
P024,2026-07-30,62.31
P024,2026-07-31,62.31
P024,2026-08-01,62.31
P024,2026-08-02,62.31
P024,2026-08-03,68.15
P024,2026-08-04,68.15
P024,2026-08-05,68.15
P024,2026-08-06,68.15
P024,2026-08-07,68.15
P024,2026-08-08,68.15
P024,2026-08-09,68.12
P024,2026-08-10,68.12
P024,2026-08-11,68.12
P024,2026-08-12,68.12
P024,2026-08-13,72.46
P024,2026-08-14,72.46
P024,2026-08-15,72.46
P024,2026-08-16,72.46
P024,2026-08-17,68.51
P024,2026-08-18,63.58
P025,2026-05-21,144.01
P025,2026-05-22,144.01
P025,2026-05-23,157.01
P025,2026-05-24,157.01
P025,2026-05-25,157.01
P025,2026-05-26,157.01
P025,2026-05-27,157.01
P025,2026-05-28,157.01
P025,2026-05-29,157.01
P025,2026-05-30,157.01
P025,2026-05-31,166.12
P025,2026-06-01,161.67
P025,2026-06-02,164.81
P025,2026-06-03,164.81
P025,2026-06-04,163.49
P025,2026-06-05,163.49
P025,2026-06-06,163.49
P025,2026-06-07,163.49
P025,2026-06-08,163.49
P025,2026-06-09,163.49
P025,2026-06-10,163.49
P025,2026-06-11,163.49
P025,2026-06-12,160.06
P025,2026-06-13,160.06
P025,2026-06-14,160.06
P025,2026-06-15,160.06
P025,2026-06-16,160.06
P025,2026-06-17,160.06
P025,2026-06-18,154.56
P025,2026-06-19,154.56
P025,2026-06-20,147.06
P025,2026-06-21,147.06
P025,2026-06-22,147.06
P025,2026-06-23,157.06
P025,2026-06-24,167.2
P025,2026-06-25,167.2
P025,2026-06-26,167.2
P025,2026-06-27,167.2
P025,2026-06-28,167.2
P025,2026-06-29,167.2
P025,2026-06-30,167.2
P025,2026-07-01,167.2
P025,2026-07-02,162.59
P025,2026-07-03,162.59
P025,2026-07-04,171.2
P025,2026-07-05,171.2
P025,2026-07-06,171.2
P025,2026-07-07,171.2
P025,2026-07-08,182.88
P025,2026-07-09,187.28
P025,2026-07-10,187.28
P025,2026-07-11,185.41
P025,2026-07-12,185.41
P025,2026-07-13,185.41
P025,2026-07-14,185.41
P025,2026-07-15,185.41
P025,2026-07-16,185.41
P025,2026-07-17,185.41
P025,2026-07-18,185.41
P025,2026-07-19,185.41
P025,2026-07-20,184.0
P025,2026-07-21,184.0
P025,2026-07-22,184.0
P025,2026-07-23,184.0
P025,2026-07-24,184.0
P025,2026-07-25,184.0
P025,2026-07-26,184.0
P025,2026-07-27,184.0
P025,2026-07-28,195.36
P025,2026-07-29,195.36
P025,2026-07-30,203.96
P025,2026-07-31,198.13
P025,2026-08-01,211.55
P025,2026-08-02,211.55
P025,2026-08-03,211.55
P025,2026-08-04,211.55
P025,2026-08-05,217.0
P025,2026-08-06,217.0
P025,2026-08-07,217.0
P025,2026-08-08,217.0
P025,2026-08-09,217.0
P025,2026-08-10,217.0
P025,2026-08-11,223.59
P025,2026-08-12,223.59
P025,2026-08-13,223.59
P025,2026-08-14,223.59
P025,2026-08-15,223.59
P025,2026-08-16,223.59
P025,2026-08-17,223.59
P025,2026-08-18,223.59
P026,2026-05-21,57.12
P026,2026-05-22,57.12
P026,2026-05-23,57.12
P026,2026-05-24,57.12
P026,2026-05-25,57.12
P026,2026-05-26,57.12
P026,2026-05-27,54.71
P026,2026-05-28,54.71
P026,2026-05-29,54.71
P026,2026-05-30,58.09
P026,2026-05-31,58.09
P026,2026-06-01,58.09
P026,2026-06-02,58.09
P026,2026-06-03,58.09
P026,2026-06-04,57.43
P026,2026-06-05,57.43
P026,2026-06-06,57.43
P026,2026-06-07,57.43
P026,2026-06-08,57.43
P026,2026-06-09,49.41
P026,2026-06-10,58.52
P026,2026-06-11,58.52
P026,2026-06-12,64.73
P026,2026-06-13,64.73
P026,2026-06-14,56.44
P026,2026-06-15,62.36
P026,2026-06-16,62.36
P026,2026-06-17,62.36
P026,2026-06-18,62.36
P026,2026-06-19,65.73
P026,2026-06-20,65.73
P026,2026-06-21,73.61
P026,2026-06-22,65.86
P026,2026-06-23,65.86
P026,2026-06-24,65.86
P026,2026-06-25,65.86
P026,2026-06-26,65.86
P026,2026-06-27,57.87
P026,2026-06-28,57.87
P026,2026-06-29,57.68
P026,2026-06-30,57.68
P026,2026-07-01,57.68
P026,2026-07-02,57.68
P026,2026-07-03,66.88
P026,2026-07-04,66.88
P026,2026-07-05,81.74
P026,2026-07-06,81.74
P026,2026-07-07,88.39
P026,2026-07-08,88.39
P026,2026-07-09,88.39
P026,2026-07-10,96.6
P026,2026-07-11,96.6
P026,2026-07-12,98.63
P026,2026-07-13,110.82
P026,2026-07-14,103.64
P026,2026-07-15,103.64
P026,2026-07-16,100.54
P026,2026-07-17,100.54
P026,2026-07-18,91.59
P026,2026-07-19,91.59
P026,2026-07-20,91.59
P026,2026-07-21,91.59
P026,2026-07-22,83.88
P026,2026-07-23,83.88
P026,2026-07-24,83.88
P026,2026-07-25,83.88
P026,2026-07-26,83.88
P026,2026-07-27,86.08
P026,2026-07-28,86.08
P026,2026-07-29,86.08
P026,2026-07-30,86.08
P026,2026-07-31,86.08
P026,2026-08-01,86.08
P026,2026-08-02,86.08
P026,2026-08-03,86.08
P026,2026-08-04,86.08
P026,2026-08-05,93.51
P026,2026-08-06,93.51
P026,2026-08-07,93.51
P026,2026-08-08,93.51
P026,2026-08-09,93.51
P026,2026-08-10,96.79
P026,2026-08-11,93.37
P026,2026-08-12,93.37
P026,2026-08-13,93.37
P026,2026-08-14,93.37
P026,2026-08-15,93.37
P026,2026-08-16,93.37
P026,2026-08-17,93.37
P026,2026-08-18,93.37
P027,2026-05-21,22.98
P027,2026-05-22,30.06
P027,2026-05-23,30.06
P027,2026-05-24,30.31
P027,2026-05-25,33.39
P027,2026-05-26,46.83
P027,2026-05-27,46.83
P027,2026-05-28,41.62
P027,2026-05-29,41.62
P027,2026-05-30,41.62
P027,2026-05-31,41.62
P027,2026-06-01,40.78
P027,2026-06-02,40.78
P027,2026-06-03,40.78
P027,2026-06-04,40.78
P027,2026-06-05,40.78
P027,2026-06-06,44.73
P027,2026-06-07,44.73
P027,2026-06-08,44.73
P027,2026-06-09,35.75
P027,2026-06-10,35.75
P027,2026-06-11,35.75
P027,2026-06-12,43.88
P027,2026-06-13,43.88
P027,2026-06-14,43.88
P027,2026-06-15,43.88
P027,2026-06-16,43.88
P027,2026-06-17,43.88
P027,2026-06-18,43.88
P027,2026-06-19,43.88
P027,2026-06-20,43.88
P027,2026-06-21,43.88
P027,2026-06-22,43.88
P027,2026-06-23,43.88
P027,2026-06-24,43.88
P027,2026-06-25,43.88
P027,2026-06-26,43.88
P027,2026-06-27,43.88
P027,2026-06-28,43.88
P027,2026-06-29,43.88
P027,2026-06-30,43.88
P027,2026-07-01,43.88
P027,2026-07-02,43.88
P027,2026-07-03,43.88
P027,2026-07-04,57.92
P027,2026-07-05,57.92
P027,2026-07-06,57.92
P027,2026-07-07,57.92
P027,2026-07-08,70.18
P027,2026-07-09,70.18
P027,2026-07-10,68.05
P027,2026-07-11,68.05
P027,2026-07-12,68.05
P027,2026-07-13,68.05
P027,2026-07-14,68.05
P027,2026-07-15,69.56
P027,2026-07-16,68.74
P027,2026-07-17,65.15
P027,2026-07-18,65.14
P027,2026-07-19,65.14
P027,2026-07-20,65.14
P027,2026-07-21,75.78
P027,2026-07-22,75.78
P027,2026-07-23,75.78
P027,2026-07-24,85.99
P027,2026-07-25,77.39
P027,2026-07-26,77.39
P027,2026-07-27,77.39
P027,2026-07-28,77.39
P027,2026-07-29,77.39
P027,2026-07-30,77.39
P027,2026-07-31,77.39
P027,2026-08-01,80.5
P027,2026-08-02,80.5
P027,2026-08-03,80.5
P027,2026-08-04,71.76
P027,2026-08-05,71.76
P027,2026-08-06,71.76
P027,2026-08-07,71.76
P027,2026-08-08,71.76
P027,2026-08-09,71.76
P027,2026-08-10,71.76
P027,2026-08-11,71.76
P027,2026-08-12,71.76
P027,2026-08-13,74.31
P027,2026-08-14,74.31
P027,2026-08-15,78.29
P027,2026-08-16,78.29
P027,2026-08-17,83.69
P027,2026-08-18,83.69
P028,2026-05-21,23.54
P028,2026-05-22,24.29
P028,2026-05-23,24.29
P028,2026-05-24,24.63
P028,2026-05-25,24.63
P028,2026-05-26,24.63
P028,2026-05-27,22.25
P028,2026-05-28,22.25
P028,2026-05-29,22.25
P028,2026-05-30,32.7
P028,2026-05-31,32.7
P028,2026-06-01,32.7
P028,2026-06-02,24.06
P028,2026-06-03,24.06
P028,2026-06-04,31.4
P028,2026-06-05,31.4
P028,2026-06-06,26.63
P028,2026-06-07,30.29
P028,2026-06-08,32.37
P028,2026-06-09,32.37
P028,2026-06-10,32.37
P028,2026-06-11,32.37
P028,2026-06-12,32.37
P028,2026-06-13,29.47
P028,2026-06-14,29.47
P028,2026-06-15,35.84
P028,2026-06-16,42.35
P028,2026-06-17,42.35
P028,2026-06-18,42.35
P028,2026-06-19,54.04
P028,2026-06-20,54.04
P028,2026-06-21,54.04
P028,2026-06-22,51.93
P028,2026-06-23,51.93
P028,2026-06-24,66.1
P028,2026-06-25,66.1
P028,2026-06-26,79.16
P028,2026-06-27,79.16
P028,2026-06-28,79.16
P028,2026-06-29,79.16
P028,2026-06-30,79.16
P028,2026-07-01,93.62
P028,2026-07-02,85.17
P028,2026-07-03,85.17
P028,2026-07-04,85.17
P028,2026-07-05,83.71
P028,2026-07-06,83.71
P028,2026-07-07,83.71
P028,2026-07-08,83.71
P028,2026-07-09,83.71
P028,2026-07-10,79.72
P028,2026-07-11,79.72
P028,2026-07-12,79.72
P028,2026-07-13,79.72
P028,2026-07-14,73.18
P028,2026-07-15,73.18
P028,2026-07-16,73.18
P028,2026-07-17,73.18
P028,2026-07-18,73.18
P028,2026-07-19,73.18
P028,2026-07-20,86.51
P028,2026-07-21,86.51
P028,2026-07-22,86.51
P028,2026-07-23,84.45
P028,2026-07-24,84.45
P028,2026-07-25,84.45
P028,2026-07-26,84.45
P028,2026-07-27,84.45
P028,2026-07-28,84.45
P028,2026-07-29,79.15
P028,2026-07-30,88.21
P028,2026-07-31,88.21
P028,2026-08-01,88.21
P028,2026-08-02,88.21
P028,2026-08-03,88.21
P028,2026-08-04,97.71
P028,2026-08-05,97.71
P028,2026-08-06,97.71
P028,2026-08-07,97.71
P028,2026-08-08,97.71
P028,2026-08-09,93.37
P028,2026-08-10,93.37
P028,2026-08-11,93.37
P028,2026-08-12,100.15
P028,2026-08-13,100.15
P028,2026-08-14,114.02
P028,2026-08-15,114.02
P028,2026-08-16,114.02
P028,2026-08-17,114.02
P028,2026-08-18,114.02
P029,2026-05-21,128.65
P029,2026-05-22,128.65
P029,2026-05-23,128.65
P029,2026-05-24,128.65
P029,2026-05-25,128.65
P029,2026-05-26,128.65
P029,2026-05-27,128.65
P029,2026-05-28,130.07
P029,2026-05-29,130.07
P029,2026-05-30,130.07
P029,2026-05-31,130.07
P029,2026-06-01,130.07
P029,2026-06-02,130.07
P029,2026-06-03,131.06
P029,2026-06-04,131.06
P029,2026-06-05,131.06
P029,2026-06-06,144.04
P029,2026-06-07,144.04
P029,2026-06-08,144.04
P029,2026-06-09,144.04
P029,2026-06-10,144.04
P029,2026-06-11,144.04
P029,2026-06-12,144.04
P029,2026-06-13,144.04
P029,2026-06-14,145.38
P029,2026-06-15,145.38
P029,2026-06-16,143.48
P029,2026-06-17,143.48
P029,2026-06-18,151.81
P029,2026-06-19,153.04
P029,2026-06-20,160.72
P029,2026-06-21,160.72
P029,2026-06-22,160.72
P029,2026-06-23,160.72
P029,2026-06-24,154.99
P029,2026-06-25,154.99
P029,2026-06-26,154.99
P029,2026-06-27,154.99
P029,2026-06-28,154.99
P029,2026-06-29,154.99
P029,2026-06-30,154.99
P029,2026-07-01,149.51
P029,2026-07-02,149.51
P029,2026-07-03,149.51
P029,2026-07-04,151.95
P029,2026-07-05,151.95
P029,2026-07-06,151.95
P029,2026-07-07,156.67
P029,2026-07-08,156.67
P029,2026-07-09,161.67
P029,2026-07-10,161.67
P029,2026-07-11,161.67
P029,2026-07-12,161.67
P029,2026-07-13,155.38
P029,2026-07-14,155.38
P029,2026-07-15,155.38
P029,2026-07-16,155.38
P029,2026-07-17,168.39
P029,2026-07-18,183.23
P029,2026-07-19,183.23
P029,2026-07-20,183.23
P029,2026-07-21,183.23
P029,2026-07-22,183.23
P029,2026-07-23,183.23
P029,2026-07-24,183.23
P029,2026-07-25,183.23
P029,2026-07-26,183.23
P029,2026-07-27,183.23
P029,2026-07-28,183.23
P029,2026-07-29,185.0
P029,2026-07-30,185.0
P029,2026-07-31,185.0
P029,2026-08-01,185.0
P029,2026-08-02,176.45
P029,2026-08-03,176.45
P029,2026-08-04,176.45
P029,2026-08-05,176.45
P029,2026-08-06,176.45
P029,2026-08-07,176.45
P029,2026-08-08,176.45
P029,2026-08-09,180.83
P029,2026-08-10,180.83
P029,2026-08-11,180.83
P029,2026-08-12,180.83
P029,2026-08-13,180.83
P029,2026-08-14,180.83
P029,2026-08-15,180.83
P029,2026-08-16,171.43
P029,2026-08-17,171.43
P029,2026-08-18,171.43
P030,2026-05-21,94.52
P030,2026-05-22,94.52
P030,2026-05-23,94.52
P030,2026-05-24,100.54
P030,2026-05-25,110.29
P030,2026-05-26,110.29
P030,2026-05-27,110.29
P030,2026-05-28,108.62
P030,2026-05-29,108.62
P030,2026-05-30,108.62
P030,2026-05-31,119.47
P030,2026-06-01,119.47
P030,2026-06-02,119.47
P030,2026-06-03,113.35
P030,2026-06-04,113.35
P030,2026-06-05,113.35
P030,2026-06-06,113.35
P030,2026-06-07,113.35
P030,2026-06-08,113.35
P030,2026-06-09,113.35
P030,2026-06-10,113.35
P030,2026-06-11,117.78
P030,2026-06-12,117.78
P030,2026-06-13,117.78
P030,2026-06-14,108.56
P030,2026-06-15,108.56
P030,2026-06-16,108.56
P030,2026-06-17,101.48
P030,2026-06-18,101.48
P030,2026-06-19,101.48
P030,2026-06-20,101.83
P030,2026-06-21,101.83
P030,2026-06-22,101.83
P030,2026-06-23,99.39
P030,2026-06-24,99.39
P030,2026-06-25,99.39
P030,2026-06-26,99.39
P030,2026-06-27,99.39
P030,2026-06-28,97.89
P030,2026-06-29,97.89
P030,2026-06-30,97.89
P030,2026-07-01,109.68
P030,2026-07-02,109.68
P030,2026-07-03,100.59
P030,2026-07-04,100.59
P030,2026-07-05,98.36
P030,2026-07-06,98.36
P030,2026-07-07,98.36
P030,2026-07-08,98.36
P030,2026-07-09,107.51
P030,2026-07-10,107.51
P030,2026-07-11,107.51
P030,2026-07-12,107.51
P030,2026-07-13,104.67
P030,2026-07-14,104.67
P030,2026-07-15,104.67
P030,2026-07-16,101.51
P030,2026-07-17,101.51
P030,2026-07-18,101.51
P030,2026-07-19,101.51
P030,2026-07-20,101.51
P030,2026-07-21,101.51
P030,2026-07-22,101.51
P030,2026-07-23,106.84
P030,2026-07-24,106.84
P030,2026-07-25,108.61
P030,2026-07-26,108.2
P030,2026-07-27,108.2
P030,2026-07-28,108.2
P030,2026-07-29,108.2
P030,2026-07-30,108.2
P030,2026-07-31,108.2
P030,2026-08-01,108.2
P030,2026-08-02,108.2
P030,2026-08-03,121.27
P030,2026-08-04,121.27
P030,2026-08-05,131.33
P030,2026-08-06,131.33
P030,2026-08-07,131.33
P030,2026-08-08,131.33
P030,2026-08-09,131.33
P030,2026-08-10,143.72
P030,2026-08-11,143.72
P030,2026-08-12,156.65
P030,2026-08-13,156.65
P030,2026-08-14,156.65
P030,2026-08-15,149.47
P030,2026-08-16,149.47
P030,2026-08-17,148.19
P030,2026-08-18,140.76
P031,2026-05-21,123.0
P031,2026-05-22,126.9
P031,2026-05-23,126.9
P031,2026-05-24,126.9
P031,2026-05-25,126.9
P031,2026-05-26,120.88
P031,2026-05-27,120.88
P031,2026-05-28,128.23
P031,2026-05-29,128.23
P031,2026-05-30,128.23
P031,2026-05-31,128.23
P031,2026-06-01,134.97
P031,2026-06-02,134.97
P031,2026-06-03,134.97
P031,2026-06-04,134.97
P031,2026-06-05,134.97
P031,2026-06-06,134.97
P031,2026-06-07,134.97
P031,2026-06-08,127.69
P031,2026-06-09,127.69
P031,2026-06-10,127.69
P031,2026-06-11,127.69
P031,2026-06-12,121.16
P031,2026-06-13,121.16
P031,2026-06-14,121.16
P031,2026-06-15,114.89
P031,2026-06-16,120.28
P031,2026-06-17,127.32
P031,2026-06-18,137.18
P031,2026-06-19,137.18
P031,2026-06-20,137.18
P031,2026-06-21,137.18
P031,2026-06-22,151.84
P031,2026-06-23,151.84
P031,2026-06-24,164.37
P031,2026-06-25,168.37
P031,2026-06-26,165.43
P031,2026-06-27,172.99
P031,2026-06-28,172.99
P031,2026-06-29,172.99
P031,2026-06-30,172.99
P031,2026-07-01,172.99
P031,2026-07-02,176.88
P031,2026-07-03,176.88
P031,2026-07-04,188.7
P031,2026-07-05,180.49
P031,2026-07-06,192.61
P031,2026-07-07,192.61
P031,2026-07-08,198.67
P031,2026-07-09,198.67
P031,2026-07-10,198.67
P031,2026-07-11,198.67
P031,2026-07-12,198.67
P031,2026-07-13,198.67
P031,2026-07-14,198.67
P031,2026-07-15,198.67
P031,2026-07-16,198.67
P031,2026-07-17,201.21
P031,2026-07-18,201.21
P031,2026-07-19,201.21
P031,2026-07-20,201.21
P031,2026-07-21,201.21
P031,2026-07-22,201.21
P031,2026-07-23,209.46
P031,2026-07-24,209.46
P031,2026-07-25,209.46
P031,2026-07-26,209.46
P031,2026-07-27,209.46
P031,2026-07-28,215.23
P031,2026-07-29,215.23
P031,2026-07-30,215.23
P031,2026-07-31,215.23
P031,2026-08-01,215.23
P031,2026-08-02,215.23
P031,2026-08-03,215.23
P031,2026-08-04,215.23
P031,2026-08-05,215.23
P031,2026-08-06,215.23
P031,2026-08-07,206.11
P031,2026-08-08,206.11
P031,2026-08-09,206.11
P031,2026-08-10,207.94
P031,2026-08-11,207.94
P031,2026-08-12,207.94
P031,2026-08-13,207.94
P031,2026-08-14,207.94
P031,2026-08-15,207.94
P031,2026-08-16,201.25
P031,2026-08-17,197.67
P031,2026-08-18,192.04
P032,2026-05-21,112.16
P032,2026-05-22,113.33
P032,2026-05-23,120.85
P032,2026-05-24,124.03
P032,2026-05-25,124.03
P032,2026-05-26,124.03
P032,2026-05-27,124.03
P032,2026-05-28,124.03
P032,2026-05-29,124.03
P032,2026-05-30,124.03
P032,2026-05-31,124.03
P032,2026-06-01,128.47
P032,2026-06-02,125.08
P032,2026-06-03,126.68
P032,2026-06-04,126.68
P032,2026-06-05,126.68
P032,2026-06-06,133.77
P032,2026-06-07,133.77
P032,2026-06-08,133.77
P032,2026-06-09,146.95
P032,2026-06-10,146.95
P032,2026-06-11,146.95
P032,2026-06-12,146.95
P032,2026-06-13,146.95
P032,2026-06-14,146.95
P032,2026-06-15,146.95
P032,2026-06-16,146.95
P032,2026-06-17,157.01
P032,2026-06-18,157.01
P032,2026-06-19,157.01
P032,2026-06-20,157.01
P032,2026-06-21,157.01
P032,2026-06-22,155.45
P032,2026-06-23,155.45
P032,2026-06-24,155.45
P032,2026-06-25,147.15
P032,2026-06-26,139.75
P032,2026-06-27,139.75
P032,2026-06-28,134.58
P032,2026-06-29,134.58
P032,2026-06-30,134.58
P032,2026-07-01,134.58
P032,2026-07-02,134.58
P032,2026-07-03,148.52
P032,2026-07-04,148.52
P032,2026-07-05,148.52
P032,2026-07-06,148.52
P032,2026-07-07,148.52
P032,2026-07-08,148.52
P032,2026-07-09,145.88
P032,2026-07-10,145.88
P032,2026-07-11,145.88
P032,2026-07-12,145.88
P032,2026-07-13,145.88
P032,2026-07-14,145.88
P032,2026-07-15,137.73
P032,2026-07-16,137.44
P032,2026-07-17,147.76
P032,2026-07-18,147.76
P032,2026-07-19,147.76
P032,2026-07-20,147.76
P032,2026-07-21,147.76
P032,2026-07-22,156.98
P032,2026-07-23,156.98
P032,2026-07-24,156.98
P032,2026-07-25,147.85
P032,2026-07-26,147.85
P032,2026-07-27,147.85
P032,2026-07-28,147.85
P032,2026-07-29,147.85
P032,2026-07-30,147.85
P032,2026-07-31,147.85
P032,2026-08-01,147.85
P032,2026-08-02,147.85
P032,2026-08-03,147.85
P032,2026-08-04,147.85
P032,2026-08-05,147.85
P032,2026-08-06,147.85
P032,2026-08-07,143.5
P032,2026-08-08,143.5
P032,2026-08-09,143.5
P032,2026-08-10,143.5
P032,2026-08-11,143.5
P032,2026-08-12,143.5
P032,2026-08-13,143.5
P032,2026-08-14,146.87
P032,2026-08-15,148.36
P032,2026-08-16,143.44
P032,2026-08-17,143.04
P032,2026-08-18,142.79
P033,2026-05-21,85.07
P033,2026-05-22,85.07
P033,2026-05-23,90.89
P033,2026-05-24,81.78
P033,2026-05-25,81.78
P033,2026-05-26,81.5
P033,2026-05-27,81.5
P033,2026-05-28,81.5
P033,2026-05-29,81.5
P033,2026-05-30,72.9
P033,2026-05-31,72.9
P033,2026-06-01,83.08
P033,2026-06-02,83.08
P033,2026-06-03,83.08
P033,2026-06-04,87.56
P033,2026-06-05,81.1
P033,2026-06-06,93.78
P033,2026-06-07,101.31
P033,2026-06-08,107.13
P033,2026-06-09,107.13
P033,2026-06-10,107.13
P033,2026-06-11,107.13
P033,2026-06-12,107.13
P033,2026-06-13,112.0
P033,2026-06-14,122.11
P033,2026-06-15,122.11
P033,2026-06-16,122.11
P033,2026-06-17,129.21
P033,2026-06-18,140.12
P033,2026-06-19,131.26
P033,2026-06-20,131.26
P033,2026-06-21,140.2
P033,2026-06-22,140.2
P033,2026-06-23,136.29
P033,2026-06-24,128.79
P033,2026-06-25,128.79
P033,2026-06-26,140.78
P033,2026-06-27,135.27
P033,2026-06-28,135.27
P033,2026-06-29,135.27
P033,2026-06-30,135.27
P033,2026-07-01,135.27
P033,2026-07-02,128.85
P033,2026-07-03,128.85
P033,2026-07-04,123.21
P033,2026-07-05,117.71
P033,2026-07-06,117.71
P033,2026-07-07,117.71
P033,2026-07-08,117.71
P033,2026-07-09,113.6
P033,2026-07-10,113.6
P033,2026-07-11,113.6
P033,2026-07-12,113.6
P033,2026-07-13,122.86
P033,2026-07-14,114.19
P033,2026-07-15,114.19
P033,2026-07-16,114.19
P033,2026-07-17,114.19
P033,2026-07-18,114.19
P033,2026-07-19,113.29
P033,2026-07-20,113.29
P033,2026-07-21,113.29
P033,2026-07-22,113.29
P033,2026-07-23,113.29
P033,2026-07-24,122.93
P033,2026-07-25,122.93
P033,2026-07-26,122.93
P033,2026-07-27,122.93
P033,2026-07-28,122.93
P033,2026-07-29,122.93
P033,2026-07-30,115.68
P033,2026-07-31,124.12
P033,2026-08-01,124.12
P033,2026-08-02,128.75
P033,2026-08-03,128.75
P033,2026-08-04,133.99
P033,2026-08-05,133.99
P033,2026-08-06,133.99
P033,2026-08-07,133.99
P033,2026-08-08,127.17
P033,2026-08-09,127.17
P033,2026-08-10,138.46
P033,2026-08-11,138.46
P033,2026-08-12,138.46
P033,2026-08-13,138.46
P033,2026-08-14,138.46
P033,2026-08-15,138.46
P033,2026-08-16,138.46
P033,2026-08-17,149.88
P033,2026-08-18,149.88
P034,2026-05-21,146.24
P034,2026-05-22,146.24
P034,2026-05-23,154.49
P034,2026-05-24,154.49
P034,2026-05-25,154.49
P034,2026-05-26,167.68
P034,2026-05-27,167.68
P034,2026-05-28,167.68
P034,2026-05-29,169.45
P034,2026-05-30,169.45
P034,2026-05-31,169.45
P034,2026-06-01,169.45
P034,2026-06-02,169.45
P034,2026-06-03,169.45
P034,2026-06-04,169.45
P034,2026-06-05,169.45
P034,2026-06-06,169.45
P034,2026-06-07,169.45
P034,2026-06-08,169.45
P034,2026-06-09,176.18
P034,2026-06-10,176.18
P034,2026-06-11,176.18
P034,2026-06-12,176.18
P034,2026-06-13,176.18
P034,2026-06-14,176.18
P034,2026-06-15,176.18
P034,2026-06-16,176.18
P034,2026-06-17,181.86
P034,2026-06-18,181.86
P034,2026-06-19,181.86
P034,2026-06-20,181.86
P034,2026-06-21,181.86
P034,2026-06-22,181.86
P034,2026-06-23,188.98
P034,2026-06-24,188.98
P034,2026-06-25,188.98
P034,2026-06-26,188.98
P034,2026-06-27,188.98
P034,2026-06-28,188.12
P034,2026-06-29,187.28
P034,2026-06-30,187.28
P034,2026-07-01,187.28
P034,2026-07-02,201.81
P034,2026-07-03,201.81
P034,2026-07-04,201.81
P034,2026-07-05,201.81
P034,2026-07-06,210.44
P034,2026-07-07,210.44
P034,2026-07-08,210.44
P034,2026-07-09,202.02
P034,2026-07-10,202.02
P034,2026-07-11,202.02
P034,2026-07-12,202.02
P034,2026-07-13,202.02
P034,2026-07-14,202.02
P034,2026-07-15,202.02
P034,2026-07-16,202.02
P034,2026-07-17,214.12
P034,2026-07-18,226.57
P034,2026-07-19,226.57
P034,2026-07-20,223.47
P034,2026-07-21,217.23
P034,2026-07-22,217.23
P034,2026-07-23,217.64
P034,2026-07-24,217.64
P034,2026-07-25,217.64
P034,2026-07-26,217.64
P034,2026-07-27,212.37
P034,2026-07-28,212.37
P034,2026-07-29,212.37
P034,2026-07-30,212.37
P034,2026-07-31,212.37
P034,2026-08-01,212.37
P034,2026-08-02,212.37
P034,2026-08-03,212.37
P034,2026-08-04,212.37
P034,2026-08-05,212.37
P034,2026-08-06,212.37
P034,2026-08-07,214.48
P034,2026-08-08,214.48
P034,2026-08-09,211.59
P034,2026-08-10,211.59
P034,2026-08-11,211.59
P034,2026-08-12,205.97
P034,2026-08-13,205.97
P034,2026-08-14,205.97
P034,2026-08-15,197.0
P034,2026-08-16,197.0
P034,2026-08-17,191.61
P034,2026-08-18,191.61
P035,2026-05-21,62.99
P035,2026-05-22,62.99
P035,2026-05-23,62.99
P035,2026-05-24,62.99
P035,2026-05-25,62.99
P035,2026-05-26,62.99
P035,2026-05-27,62.99
P035,2026-05-28,62.99
P035,2026-05-29,71.45
P035,2026-05-30,71.45
P035,2026-05-31,83.85
P035,2026-06-01,83.85
P035,2026-06-02,83.85
P035,2026-06-03,83.85
P035,2026-06-04,83.85
P035,2026-06-05,83.85
P035,2026-06-06,87.62
P035,2026-06-07,93.06
P035,2026-06-08,93.06
P035,2026-06-09,93.06
P035,2026-06-10,93.06
P035,2026-06-11,93.06
P035,2026-06-12,93.06
P035,2026-06-13,85.15
P035,2026-06-14,85.15
P035,2026-06-15,85.15
P035,2026-06-16,83.09
P035,2026-06-17,83.09
P035,2026-06-18,83.09
P035,2026-06-19,83.09
P035,2026-06-20,83.09
P035,2026-06-21,83.09
P035,2026-06-22,81.87
P035,2026-06-23,81.87
P035,2026-06-24,94.07
P035,2026-06-25,94.07
P035,2026-06-26,104.21
P035,2026-06-27,104.21
P035,2026-06-28,108.89
P035,2026-06-29,106.47
P035,2026-06-30,106.47
P035,2026-07-01,106.47
P035,2026-07-02,106.47
P035,2026-07-03,112.44
P035,2026-07-04,112.44
P035,2026-07-05,112.44
P035,2026-07-06,112.44
P035,2026-07-07,123.25
P035,2026-07-08,123.25
P035,2026-07-09,123.25
P035,2026-07-10,123.25
P035,2026-07-11,123.25
P035,2026-07-12,123.25
P035,2026-07-13,123.25
P035,2026-07-14,137.15
P035,2026-07-15,137.15
P035,2026-07-16,137.15
P035,2026-07-17,137.15
P035,2026-07-18,137.15
P035,2026-07-19,130.13
P035,2026-07-20,130.13
P035,2026-07-21,130.13
P035,2026-07-22,130.13
P035,2026-07-23,130.13
P035,2026-07-24,130.13
P035,2026-07-25,130.13
P035,2026-07-26,130.13
P035,2026-07-27,130.13
P035,2026-07-28,121.59
P035,2026-07-29,121.59
P035,2026-07-30,115.67
P035,2026-07-31,115.67
P035,2026-08-01,115.67
P035,2026-08-02,112.96
P035,2026-08-03,112.96
P035,2026-08-04,118.66
P035,2026-08-05,127.48
P035,2026-08-06,127.48
P035,2026-08-07,127.48
P035,2026-08-08,127.48
P035,2026-08-09,127.48
P035,2026-08-10,127.48
P035,2026-08-11,127.48
P035,2026-08-12,130.43
P035,2026-08-13,130.43
P035,2026-08-14,130.43
P035,2026-08-15,124.29
P035,2026-08-16,124.29
P035,2026-08-17,124.29
P035,2026-08-18,124.29
P036,2026-05-21,87.29
P036,2026-05-22,87.29
P036,2026-05-23,87.29
P036,2026-05-24,87.29
P036,2026-05-25,80.57
P036,2026-05-26,80.57
P036,2026-05-27,80.57
P036,2026-05-28,80.57
P036,2026-05-29,80.57
P036,2026-05-30,78.19
P036,2026-05-31,78.19
P036,2026-06-01,85.55
P036,2026-06-02,78.68
P036,2026-06-03,78.68
P036,2026-06-04,78.68
P036,2026-06-05,69.15
P036,2026-06-06,69.15
P036,2026-06-07,59.97
P036,2026-06-08,59.97
P036,2026-06-09,59.97
P036,2026-06-10,57.51
P036,2026-06-11,57.51
P036,2026-06-12,62.55
P036,2026-06-13,62.55
P036,2026-06-14,62.55
P036,2026-06-15,73.7
P036,2026-06-16,73.7
P036,2026-06-17,73.7
P036,2026-06-18,73.7
P036,2026-06-19,77.96
P036,2026-06-20,77.96
P036,2026-06-21,73.38
P036,2026-06-22,73.38
P036,2026-06-23,73.38
P036,2026-06-24,81.51
P036,2026-06-25,81.51
P036,2026-06-26,81.51
P036,2026-06-27,81.51
P036,2026-06-28,81.51
P036,2026-06-29,80.38
P036,2026-06-30,80.38
P036,2026-07-01,73.2
P036,2026-07-02,65.96
P036,2026-07-03,65.96
P036,2026-07-04,65.96
P036,2026-07-05,65.96
P036,2026-07-06,65.96
P036,2026-07-07,65.96
P036,2026-07-08,65.96
P036,2026-07-09,65.96
P036,2026-07-10,66.14
P036,2026-07-11,57.88
P036,2026-07-12,57.88
P036,2026-07-13,72.85
P036,2026-07-14,72.85
P036,2026-07-15,72.85
P036,2026-07-16,72.85
P036,2026-07-17,72.87
P036,2026-07-18,72.87
P036,2026-07-19,72.87
P036,2026-07-20,87.25
P036,2026-07-21,98.35
P036,2026-07-22,109.3
P036,2026-07-23,109.3
P036,2026-07-24,109.3
P036,2026-07-25,109.3
P036,2026-07-26,109.3
P036,2026-07-27,109.3
P036,2026-07-28,109.3
P036,2026-07-29,109.3
P036,2026-07-30,109.3
P036,2026-07-31,109.3
P036,2026-08-01,111.53
P036,2026-08-02,111.53
P036,2026-08-03,119.97
P036,2026-08-04,119.97
P036,2026-08-05,119.97
P036,2026-08-06,119.97
P036,2026-08-07,125.52
P036,2026-08-08,125.52
P036,2026-08-09,125.52
P036,2026-08-10,125.52
P036,2026-08-11,132.07
P036,2026-08-12,132.07
P036,2026-08-13,132.07
P036,2026-08-14,132.07
P036,2026-08-15,132.83
P036,2026-08-16,132.83
P036,2026-08-17,132.83
P036,2026-08-18,132.83
P037,2026-05-21,126.12
P037,2026-05-22,126.12
P037,2026-05-23,126.12
P037,2026-05-24,126.89
P037,2026-05-25,126.89
P037,2026-05-26,126.89
P037,2026-05-27,126.89
P037,2026-05-28,126.89
P037,2026-05-29,126.89
P037,2026-05-30,126.89
P037,2026-05-31,126.89
P037,2026-06-01,131.67
P037,2026-06-02,131.67
P037,2026-06-03,131.67
P037,2026-06-04,131.67
P037,2026-06-05,131.67
P037,2026-06-06,131.67
P037,2026-06-07,131.67
P037,2026-06-08,143.95
P037,2026-06-09,143.95
P037,2026-06-10,143.95
P037,2026-06-11,143.95
P037,2026-06-12,143.95
P037,2026-06-13,141.75
P037,2026-06-14,141.75
P037,2026-06-15,141.75
P037,2026-06-16,141.75
P037,2026-06-17,141.75
P037,2026-06-18,141.75
P037,2026-06-19,141.75
P037,2026-06-20,149.15
P037,2026-06-21,147.06
P037,2026-06-22,147.06
P037,2026-06-23,149.27
P037,2026-06-24,149.27
P037,2026-06-25,149.27
P037,2026-06-26,149.27
P037,2026-06-27,149.27
P037,2026-06-28,149.27
P037,2026-06-29,149.27
P037,2026-06-30,160.53
P037,2026-07-01,151.72
P037,2026-07-02,151.72
P037,2026-07-03,151.72
P037,2026-07-04,151.72
P037,2026-07-05,150.14
P037,2026-07-06,150.14
P037,2026-07-07,150.14
P037,2026-07-08,150.14
P037,2026-07-09,150.14
P037,2026-07-10,150.14
P037,2026-07-11,150.14
P037,2026-07-12,150.14
P037,2026-07-13,150.14
P037,2026-07-14,150.14
P037,2026-07-15,150.14
P037,2026-07-16,150.14
P037,2026-07-17,150.14
P037,2026-07-18,150.14
P037,2026-07-19,150.14
P037,2026-07-20,150.14
P037,2026-07-21,150.14
P037,2026-07-22,150.14
P037,2026-07-23,150.14
P037,2026-07-24,150.14
P037,2026-07-25,150.14
P037,2026-07-26,150.14
P037,2026-07-27,157.27
P037,2026-07-28,157.27
P037,2026-07-29,157.27
P037,2026-07-30,157.27
P037,2026-07-31,154.45
P037,2026-08-01,159.48
P037,2026-08-02,153.23
P037,2026-08-03,163.91
P037,2026-08-04,163.91
P037,2026-08-05,163.91
P037,2026-08-06,160.73
P037,2026-08-07,170.82
P037,2026-08-08,170.82
P037,2026-08-09,170.82
P037,2026-08-10,170.82
P037,2026-08-11,183.23
P037,2026-08-12,183.23
P037,2026-08-13,183.23
P037,2026-08-14,183.23
P037,2026-08-15,183.23
P037,2026-08-16,183.23
P037,2026-08-17,183.23
P037,2026-08-18,191.59
P038,2026-05-21,96.59
P038,2026-05-22,96.59
P038,2026-05-23,96.59
P038,2026-05-24,108.7
P038,2026-05-25,108.7
P038,2026-05-26,108.7
P038,2026-05-27,108.7
P038,2026-05-28,108.7
P038,2026-05-29,108.7
P038,2026-05-30,101.37
P038,2026-05-31,101.37
P038,2026-06-01,101.37
P038,2026-06-02,104.71
P038,2026-06-03,104.71
P038,2026-06-04,104.71
P038,2026-06-05,104.71
P038,2026-06-06,104.71
P038,2026-06-07,104.71
P038,2026-06-08,104.71
P038,2026-06-09,118.88
P038,2026-06-10,127.37
P038,2026-06-11,127.37
P038,2026-06-12,127.37
P038,2026-06-13,127.37
P038,2026-06-14,127.37
P038,2026-06-15,127.37
P038,2026-06-16,139.04
P038,2026-06-17,139.04
P038,2026-06-18,139.04
P038,2026-06-19,139.04
P038,2026-06-20,134.3
P038,2026-06-21,134.3
P038,2026-06-22,134.3
P038,2026-06-23,134.3
P038,2026-06-24,145.96
P038,2026-06-25,145.96
P038,2026-06-26,145.96
P038,2026-06-27,145.96
P038,2026-06-28,145.96
P038,2026-06-29,137.62
P038,2026-06-30,137.62
P038,2026-07-01,137.62
P038,2026-07-02,137.62
P038,2026-07-03,143.66
P038,2026-07-04,143.66
P038,2026-07-05,143.68
P038,2026-07-06,143.68
P038,2026-07-07,137.63
P038,2026-07-08,137.63
P038,2026-07-09,137.63
P038,2026-07-10,142.48
P038,2026-07-11,142.48
P038,2026-07-12,142.48
P038,2026-07-13,136.82
P038,2026-07-14,136.82
P038,2026-07-15,137.18
P038,2026-07-16,137.18
P038,2026-07-17,137.18
P038,2026-07-18,150.88
P038,2026-07-19,150.88
P038,2026-07-20,143.1
P038,2026-07-21,150.63
P038,2026-07-22,156.08
P038,2026-07-23,148.31
P038,2026-07-24,152.49
P038,2026-07-25,152.49
P038,2026-07-26,152.49
P038,2026-07-27,152.49
P038,2026-07-28,160.33
P038,2026-07-29,160.33
P038,2026-07-30,168.99
P038,2026-07-31,180.4
P038,2026-08-01,191.0
P038,2026-08-02,191.0
P038,2026-08-03,200.81
P038,2026-08-04,197.35
P038,2026-08-05,197.35
P038,2026-08-06,197.35
P038,2026-08-07,197.35
P038,2026-08-08,190.68
P038,2026-08-09,190.68
P038,2026-08-10,190.68
P038,2026-08-11,190.68
P038,2026-08-12,190.68
P038,2026-08-13,194.6
P038,2026-08-14,194.6
P038,2026-08-15,194.6
P038,2026-08-16,194.6
P038,2026-08-17,194.6
P038,2026-08-18,194.6
P039,2026-05-21,130.64
P039,2026-05-22,136.13
P039,2026-05-23,136.13
P039,2026-05-24,136.13
P039,2026-05-25,130.61
P039,2026-05-26,130.61
P039,2026-05-27,130.61
P039,2026-05-28,138.37
P039,2026-05-29,131.29
P039,2026-05-30,131.29
P039,2026-05-31,131.29
P039,2026-06-01,131.29
P039,2026-06-02,143.21
P039,2026-06-03,143.21
P039,2026-06-04,143.21
P039,2026-06-05,143.21
P039,2026-06-06,143.21
P039,2026-06-07,143.21
P039,2026-06-08,143.21
P039,2026-06-09,143.21
P039,2026-06-10,136.93
P039,2026-06-11,138.69
P039,2026-06-12,138.69
P039,2026-06-13,151.07
P039,2026-06-14,149.98
P039,2026-06-15,149.98
P039,2026-06-16,149.98
P039,2026-06-17,149.98
P039,2026-06-18,149.98
P039,2026-06-19,149.98
P039,2026-06-20,149.98
P039,2026-06-21,149.98
P039,2026-06-22,149.98
P039,2026-06-23,149.98
P039,2026-06-24,149.98
P039,2026-06-25,149.98
P039,2026-06-26,162.99
P039,2026-06-27,162.99
P039,2026-06-28,161.21
P039,2026-06-29,161.21
P039,2026-06-30,160.55
P039,2026-07-01,160.55
P039,2026-07-02,162.06
P039,2026-07-03,162.06
P039,2026-07-04,162.06
P039,2026-07-05,162.06
P039,2026-07-06,162.06
P039,2026-07-07,162.06
P039,2026-07-08,162.06
P039,2026-07-09,162.06
P039,2026-07-10,173.64
P039,2026-07-11,183.59
P039,2026-07-12,197.39
P039,2026-07-13,193.77
P039,2026-07-14,193.77
P039,2026-07-15,205.08
P039,2026-07-16,205.08
P039,2026-07-17,213.89
P039,2026-07-18,211.35
P039,2026-07-19,211.35
P039,2026-07-20,211.35
P039,2026-07-21,217.99
P039,2026-07-22,217.99
P039,2026-07-23,217.99
P039,2026-07-24,217.99
P039,2026-07-25,217.99
P039,2026-07-26,217.99
P039,2026-07-27,217.99
P039,2026-07-28,217.99
P039,2026-07-29,216.53
P039,2026-07-30,216.53
P039,2026-07-31,216.53
P039,2026-08-01,216.53
P039,2026-08-02,216.53
P039,2026-08-03,218.24
P039,2026-08-04,218.24
P039,2026-08-05,218.24
P039,2026-08-06,218.24
P039,2026-08-07,218.24
P039,2026-08-08,218.24
P039,2026-08-09,210.15
P039,2026-08-10,210.15
P039,2026-08-11,210.15
P039,2026-08-12,210.15
P039,2026-08-13,210.15
P039,2026-08-14,210.15
P039,2026-08-15,212.74
P039,2026-08-16,212.74
P039,2026-08-17,207.3
P039,2026-08-18,207.71
P040,2026-05-21,90.83
P040,2026-05-22,90.83
P040,2026-05-23,90.83
P040,2026-05-24,90.83
P040,2026-05-25,90.83
P040,2026-05-26,82.79
P040,2026-05-27,89.63
P040,2026-05-28,89.63
P040,2026-05-29,89.63
P040,2026-05-30,91.56
P040,2026-05-31,91.56
P040,2026-06-01,91.56
P040,2026-06-02,91.56
P040,2026-06-03,91.56
P040,2026-06-04,91.56
P040,2026-06-05,91.56
P040,2026-06-06,91.56
P040,2026-06-07,84.94
P040,2026-06-08,75.34
P040,2026-06-09,75.34
P040,2026-06-10,75.34
P040,2026-06-11,75.34
P040,2026-06-12,75.34
P040,2026-06-13,75.34
P040,2026-06-14,75.34
P040,2026-06-15,75.89
P040,2026-06-16,69.7
P040,2026-06-17,69.7
P040,2026-06-18,69.7
P040,2026-06-19,69.7
P040,2026-06-20,80.44
P040,2026-06-21,70.64
P040,2026-06-22,70.64
P040,2026-06-23,70.64
P040,2026-06-24,70.64
P040,2026-06-25,70.64
P040,2026-06-26,70.63
P040,2026-06-27,70.63
P040,2026-06-28,70.63
P040,2026-06-29,62.15
P040,2026-06-30,62.15
P040,2026-07-01,62.15
P040,2026-07-02,62.15
P040,2026-07-03,62.15
P040,2026-07-04,62.15
P040,2026-07-05,62.15
P040,2026-07-06,62.15
P040,2026-07-07,56.96
P040,2026-07-08,56.96
P040,2026-07-09,69.69
P040,2026-07-10,69.69
P040,2026-07-11,69.69
P040,2026-07-12,69.69
P040,2026-07-13,69.69
P040,2026-07-14,69.69
P040,2026-07-15,69.69
P040,2026-07-16,69.69
P040,2026-07-17,69.69
P040,2026-07-18,69.69
P040,2026-07-19,69.69
P040,2026-07-20,63.6
P040,2026-07-21,64.0
P040,2026-07-22,64.0
P040,2026-07-23,64.0
P040,2026-07-24,64.0
P040,2026-07-25,64.0
P040,2026-07-26,75.49
P040,2026-07-27,67.08
P040,2026-07-28,62.75
P040,2026-07-29,59.2
P040,2026-07-30,59.2
P040,2026-07-31,71.14
P040,2026-08-01,71.14
P040,2026-08-02,71.14
P040,2026-08-03,71.14
P040,2026-08-04,84.8
P040,2026-08-05,84.8
P040,2026-08-06,77.45
P040,2026-08-07,77.45
P040,2026-08-08,77.45
P040,2026-08-09,77.45
P040,2026-08-10,77.45
P040,2026-08-11,77.45
P040,2026-08-12,77.45
P040,2026-08-13,77.45
P040,2026-08-14,77.45
P040,2026-08-15,76.54
P040,2026-08-16,71.59
P040,2026-08-17,71.59
P040,2026-08-18,81.82
P041,2026-05-21,108.64
P041,2026-05-22,108.64
P041,2026-05-23,116.52
P041,2026-05-24,116.52
P041,2026-05-25,125.35
P041,2026-05-26,125.35
P041,2026-05-27,126.07
P041,2026-05-28,126.07
P041,2026-05-29,126.07
P041,2026-05-30,126.07
P041,2026-05-31,116.32
P041,2026-06-01,116.32
P041,2026-06-02,116.32
P041,2026-06-03,116.32
P041,2026-06-04,116.32
P041,2026-06-05,116.32
P041,2026-06-06,116.32
P041,2026-06-07,116.32
P041,2026-06-08,116.32
P041,2026-06-09,116.32
P041,2026-06-10,116.32
P041,2026-06-11,116.32
P041,2026-06-12,116.32
P041,2026-06-13,116.32
P041,2026-06-14,116.32
P041,2026-06-15,116.32
P041,2026-06-16,116.32
P041,2026-06-17,116.32
P041,2026-06-18,116.32
P041,2026-06-19,116.32
P041,2026-06-20,116.32
P041,2026-06-21,116.32
P041,2026-06-22,116.32
P041,2026-06-23,113.86
P041,2026-06-24,113.86
P041,2026-06-25,113.86
P041,2026-06-26,113.86
P041,2026-06-27,113.86
P041,2026-06-28,116.65
P041,2026-06-29,116.65
P041,2026-06-30,116.65
P041,2026-07-01,126.56
P041,2026-07-02,137.37
P041,2026-07-03,137.37
P041,2026-07-04,128.87
P041,2026-07-05,131.56
P041,2026-07-06,137.83
P041,2026-07-07,137.83
P041,2026-07-08,137.83
P041,2026-07-09,137.83
P041,2026-07-10,137.83
P041,2026-07-11,137.83
P041,2026-07-12,137.83
P041,2026-07-13,135.31
P041,2026-07-14,135.31
P041,2026-07-15,135.31
P041,2026-07-16,135.31
P041,2026-07-17,135.31
P041,2026-07-18,135.31
P041,2026-07-19,144.77
P041,2026-07-20,152.56
P041,2026-07-21,144.11
P041,2026-07-22,144.11
P041,2026-07-23,151.03
P041,2026-07-24,151.03
P041,2026-07-25,151.03
P041,2026-07-26,151.03
P041,2026-07-27,151.03
P041,2026-07-28,151.03
P041,2026-07-29,151.03
P041,2026-07-30,151.03
P041,2026-07-31,151.03
P041,2026-08-01,151.03
P041,2026-08-02,151.03
P041,2026-08-03,151.03
P041,2026-08-04,151.03
P041,2026-08-05,151.03
P041,2026-08-06,155.01
P041,2026-08-07,155.01
P041,2026-08-08,154.25
P041,2026-08-09,148.08
P041,2026-08-10,148.08
P041,2026-08-11,148.08
P041,2026-08-12,141.65
P041,2026-08-13,141.65
P041,2026-08-14,141.65
P041,2026-08-15,141.65
P041,2026-08-16,150.14
P041,2026-08-17,148.86
P041,2026-08-18,148.86
P042,2026-05-21,16.42
P042,2026-05-22,16.42
P042,2026-05-23,16.42
P042,2026-05-24,16.42
P042,2026-05-25,9.88
P042,2026-05-26,9.88
P042,2026-05-27,9.88
P042,2026-05-28,9.88
P042,2026-05-29,15.5
P042,2026-05-30,15.5
P042,2026-05-31,15.5
P042,2026-06-01,15.5
P042,2026-06-02,15.5
P042,2026-06-03,7.71
P042,2026-06-04,7.71
P042,2026-06-05,7.71
P042,2026-06-06,7.71
P042,2026-06-07,7.71
P042,2026-06-08,7.71
P042,2026-06-09,7.71
P042,2026-06-10,7.71
P042,2026-06-11,7.71
P042,2026-06-12,9.61
P042,2026-06-13,23.01
P042,2026-06-14,23.01
P042,2026-06-15,23.01
P042,2026-06-16,23.01
P042,2026-06-17,23.01
P042,2026-06-18,23.01
P042,2026-06-19,23.01
P042,2026-06-20,23.01
P042,2026-06-21,23.01
P042,2026-06-22,23.01
P042,2026-06-23,23.01
P042,2026-06-24,37.5
P042,2026-06-25,31.1
P042,2026-06-26,31.1
P042,2026-06-27,31.1
P042,2026-06-28,31.1
P042,2026-06-29,31.1
P042,2026-06-30,38.93
P042,2026-07-01,38.93
P042,2026-07-02,51.26
P042,2026-07-03,51.26
P042,2026-07-04,47.25
P042,2026-07-05,47.25
P042,2026-07-06,47.25
P042,2026-07-07,47.25
P042,2026-07-08,45.21
P042,2026-07-09,45.21
P042,2026-07-10,51.05
P042,2026-07-11,65.14
P042,2026-07-12,74.21
P042,2026-07-13,74.21
P042,2026-07-14,74.21
P042,2026-07-15,80.1
P042,2026-07-16,80.1
P042,2026-07-17,80.1
P042,2026-07-18,80.1
P042,2026-07-19,80.1
P042,2026-07-20,80.1
P042,2026-07-21,80.1
P042,2026-07-22,94.4
P042,2026-07-23,107.45
P042,2026-07-24,107.45
P042,2026-07-25,107.45
P042,2026-07-26,107.45
P042,2026-07-27,107.45
P042,2026-07-28,101.49
P042,2026-07-29,101.49
P042,2026-07-30,108.95
P042,2026-07-31,108.95
P042,2026-08-01,108.95
P042,2026-08-02,108.95
P042,2026-08-03,108.95
P042,2026-08-04,108.95
P042,2026-08-05,108.95
P042,2026-08-06,123.53
P042,2026-08-07,137.5
P042,2026-08-08,144.8
P042,2026-08-09,144.8
P042,2026-08-10,144.8
P042,2026-08-11,144.8
P042,2026-08-12,144.8
P042,2026-08-13,144.8
P042,2026-08-14,144.8
P042,2026-08-15,144.8
P042,2026-08-16,144.8
P042,2026-08-17,155.6
P042,2026-08-18,155.6
P043,2026-05-21,41.91
P043,2026-05-22,41.91
P043,2026-05-23,41.91
P043,2026-05-24,41.91
P043,2026-05-25,41.91
P043,2026-05-26,41.17
P043,2026-05-27,41.17
P043,2026-05-28,41.17
P043,2026-05-29,54.2
P043,2026-05-30,64.61
P043,2026-05-31,64.61
P043,2026-06-01,79.11
P043,2026-06-02,81.43
P043,2026-06-03,81.43
P043,2026-06-04,96.04
P043,2026-06-05,96.04
P043,2026-06-06,96.04
P043,2026-06-07,90.88
P043,2026-06-08,90.88
P043,2026-06-09,90.88
P043,2026-06-10,84.09
P043,2026-06-11,97.43
P043,2026-06-12,97.43
P043,2026-06-13,97.43
P043,2026-06-14,97.43
P043,2026-06-15,97.43
P043,2026-06-16,97.43
P043,2026-06-17,101.43
P043,2026-06-18,102.11
P043,2026-06-19,102.11
P043,2026-06-20,102.11
P043,2026-06-21,102.11
P043,2026-06-22,109.11
P043,2026-06-23,109.11
P043,2026-06-24,109.11
P043,2026-06-25,106.06
P043,2026-06-26,106.06
P043,2026-06-27,100.93
P043,2026-06-28,100.93
P043,2026-06-29,100.93
P043,2026-06-30,100.93
P043,2026-07-01,100.93
P043,2026-07-02,99.16
P043,2026-07-03,99.16
P043,2026-07-04,99.96
P043,2026-07-05,99.96
P043,2026-07-06,99.96
P043,2026-07-07,101.8
P043,2026-07-08,101.8
P043,2026-07-09,101.8
P043,2026-07-10,101.8
P043,2026-07-11,101.8
P043,2026-07-12,101.8
P043,2026-07-13,101.8
P043,2026-07-14,93.32
P043,2026-07-15,93.32
P043,2026-07-16,86.51
P043,2026-07-17,91.78
P043,2026-07-18,98.72
P043,2026-07-19,109.97
P043,2026-07-20,118.77
P043,2026-07-21,118.77
P043,2026-07-22,118.77
P043,2026-07-23,118.77
P043,2026-07-24,118.77
P043,2026-07-25,118.77
P043,2026-07-26,118.77
P043,2026-07-27,118.77
P043,2026-07-28,118.77
P043,2026-07-29,111.34
P043,2026-07-30,111.34
P043,2026-07-31,111.34
P043,2026-08-01,111.34
P043,2026-08-02,111.34
P043,2026-08-03,111.34
P043,2026-08-04,111.34
P043,2026-08-05,104.78
P043,2026-08-06,102.57
P043,2026-08-07,102.57
P043,2026-08-08,102.57
P043,2026-08-09,102.57
P043,2026-08-10,102.57
P043,2026-08-11,102.57
P043,2026-08-12,102.57
P043,2026-08-13,102.57
P043,2026-08-14,102.57
P043,2026-08-15,98.5
P043,2026-08-16,98.5
P043,2026-08-17,98.5
P043,2026-08-18,98.5
P044,2026-05-21,50.51
P044,2026-05-22,45.24
P044,2026-05-23,45.24
P044,2026-05-24,45.24
P044,2026-05-25,45.24
P044,2026-05-26,45.24
P044,2026-05-27,43.46
P044,2026-05-28,43.46
P044,2026-05-29,43.46
P044,2026-05-30,33.55
P044,2026-05-31,33.55
P044,2026-06-01,33.55
P044,2026-06-02,33.55
P044,2026-06-03,33.55
P044,2026-06-04,33.55
P044,2026-06-05,28.16
P044,2026-06-06,28.16
P044,2026-06-07,28.16
P044,2026-06-08,25.42
P044,2026-06-09,25.42
P044,2026-06-10,25.42
P044,2026-06-11,22.52
P044,2026-06-12,22.52
P044,2026-06-13,33.71
P044,2026-06-14,24.25
P044,2026-06-15,24.25
P044,2026-06-16,24.25
P044,2026-06-17,24.25
P044,2026-06-18,24.25
P044,2026-06-19,24.25
P044,2026-06-20,24.25
P044,2026-06-21,24.25
P044,2026-06-22,27.42
P044,2026-06-23,27.42
P044,2026-06-24,21.03
P044,2026-06-25,21.03
P044,2026-06-26,21.03
P044,2026-06-27,21.03
P044,2026-06-28,21.03
P044,2026-06-29,12.18
P044,2026-06-30,12.18
P044,2026-07-01,5.89
P044,2026-07-02,15.78
P044,2026-07-03,15.78
P044,2026-07-04,15.78
P044,2026-07-05,15.78
P044,2026-07-06,15.78
P044,2026-07-07,15.78
P044,2026-07-08,15.78
P044,2026-07-09,15.78
P044,2026-07-10,15.78
P044,2026-07-11,15.78
P044,2026-07-12,15.78
P044,2026-07-13,15.78
P044,2026-07-14,15.78
P044,2026-07-15,15.78
P044,2026-07-16,15.78
P044,2026-07-17,15.78
P044,2026-07-18,28.15
P044,2026-07-19,28.15
P044,2026-07-20,28.78
P044,2026-07-21,28.78
P044,2026-07-22,20.9
P044,2026-07-23,22.01
P044,2026-07-24,13.04
P044,2026-07-25,13.04
P044,2026-07-26,13.04
P044,2026-07-27,13.04
P044,2026-07-28,13.04
P044,2026-07-29,14.08
P044,2026-07-30,14.08
P044,2026-07-31,14.08
P044,2026-08-01,14.08
P044,2026-08-02,14.08
P044,2026-08-03,14.08
P044,2026-08-04,5.86
P044,2026-08-05,5.86
P044,2026-08-06,5.0
P044,2026-08-07,5.0
P044,2026-08-08,5.0
P044,2026-08-09,10.1
P044,2026-08-10,10.1
P044,2026-08-11,10.1
P044,2026-08-12,10.1
P044,2026-08-13,10.1
P044,2026-08-14,10.1
P044,2026-08-15,10.1
P044,2026-08-16,10.1
P044,2026-08-17,10.1
P044,2026-08-18,10.1
P045,2026-05-21,21.17
P045,2026-05-22,21.17
P045,2026-05-23,29.9
P045,2026-05-24,34.58
P045,2026-05-25,34.58
P045,2026-05-26,34.58
P045,2026-05-27,34.58
P045,2026-05-28,34.58
P045,2026-05-29,34.58
P045,2026-05-30,34.58
P045,2026-05-31,34.58
P045,2026-06-01,28.05
P045,2026-06-02,28.05
P045,2026-06-03,38.31
P045,2026-06-04,38.31
P045,2026-06-05,38.31
P045,2026-06-06,38.31
P045,2026-06-07,38.31
P045,2026-06-08,38.31
P045,2026-06-09,38.31
P045,2026-06-10,38.31
P045,2026-06-11,38.31
P045,2026-06-12,38.31
P045,2026-06-13,38.31
P045,2026-06-14,38.31
P045,2026-06-15,38.08
P045,2026-06-16,38.08
P045,2026-06-17,42.32
P045,2026-06-18,42.32
P045,2026-06-19,34.93
P045,2026-06-20,45.59
P045,2026-06-21,45.59
P045,2026-06-22,58.37
P045,2026-06-23,54.2
P045,2026-06-24,54.2
P045,2026-06-25,57.16
P045,2026-06-26,57.16
P045,2026-06-27,57.16
P045,2026-06-28,57.62
P045,2026-06-29,71.5
P045,2026-06-30,66.64
P045,2026-07-01,66.64
P045,2026-07-02,66.64
P045,2026-07-03,66.64
P045,2026-07-04,66.64
P045,2026-07-05,66.64
P045,2026-07-06,56.83
P045,2026-07-07,56.83
P045,2026-07-08,56.83
P045,2026-07-09,56.83
P045,2026-07-10,56.83
P045,2026-07-11,56.83
P045,2026-07-12,56.83
P045,2026-07-13,56.83
P045,2026-07-14,56.83
P045,2026-07-15,56.83
P045,2026-07-16,56.83
P045,2026-07-17,56.83
P045,2026-07-18,56.83
P045,2026-07-19,56.83
P045,2026-07-20,56.83
P045,2026-07-21,56.83
P045,2026-07-22,56.83
P045,2026-07-23,68.59
P045,2026-07-24,68.59
P045,2026-07-25,81.5
P045,2026-07-26,81.5
P045,2026-07-27,81.5
P045,2026-07-28,81.5
P045,2026-07-29,80.72
P045,2026-07-30,89.88
P045,2026-07-31,89.88
P045,2026-08-01,92.53
P045,2026-08-02,98.5
P045,2026-08-03,98.5
P045,2026-08-04,98.5
P045,2026-08-05,98.5
P045,2026-08-06,94.77
P045,2026-08-07,94.77
P045,2026-08-08,94.77
P045,2026-08-09,94.77
P045,2026-08-10,101.2
P045,2026-08-11,101.2
P045,2026-08-12,101.2
P045,2026-08-13,101.2
P045,2026-08-14,101.2
P045,2026-08-15,98.55
P045,2026-08-16,98.55
P045,2026-08-17,107.64
P045,2026-08-18,108.66
P046,2026-05-21,42.59
P046,2026-05-22,42.59
P046,2026-05-23,42.59
P046,2026-05-24,42.59
P046,2026-05-25,42.59
P046,2026-05-26,42.59
P046,2026-05-27,42.59
P046,2026-05-28,42.59
P046,2026-05-29,32.71
P046,2026-05-30,32.71
P046,2026-05-31,32.71
P046,2026-06-01,32.71
P046,2026-06-02,33.25
P046,2026-06-03,33.25
P046,2026-06-04,33.25
P046,2026-06-05,45.31
P046,2026-06-06,39.49
P046,2026-06-07,39.49
P046,2026-06-08,39.49
P046,2026-06-09,34.67
P046,2026-06-10,34.67
P046,2026-06-11,30.01
P046,2026-06-12,30.01
P046,2026-06-13,30.01
P046,2026-06-14,25.33
P046,2026-06-15,35.71
P046,2026-06-16,35.71
P046,2026-06-17,31.17
P046,2026-06-18,31.17
P046,2026-06-19,31.17
P046,2026-06-20,31.17
P046,2026-06-21,31.17
P046,2026-06-22,45.15
P046,2026-06-23,45.15
P046,2026-06-24,45.15
P046,2026-06-25,45.15
P046,2026-06-26,45.15
P046,2026-06-27,54.19
P046,2026-06-28,54.19
P046,2026-06-29,54.19
P046,2026-06-30,66.99
P046,2026-07-01,66.99
P046,2026-07-02,66.99
P046,2026-07-03,66.99
P046,2026-07-04,72.4
P046,2026-07-05,72.4
P046,2026-07-06,72.4
P046,2026-07-07,72.4
P046,2026-07-08,74.87
P046,2026-07-09,69.98
P046,2026-07-10,78.11
P046,2026-07-11,78.11
P046,2026-07-12,76.05
P046,2026-07-13,76.05
P046,2026-07-14,76.05
P046,2026-07-15,76.05
P046,2026-07-16,76.05
P046,2026-07-17,76.05
P046,2026-07-18,76.05
P046,2026-07-19,76.05
P046,2026-07-20,76.05
P046,2026-07-21,76.05
P046,2026-07-22,76.05
P046,2026-07-23,76.05
P046,2026-07-24,76.05
P046,2026-07-25,78.34
P046,2026-07-26,93.14
P046,2026-07-27,87.48
P046,2026-07-28,87.48
P046,2026-07-29,79.43
P046,2026-07-30,79.43
P046,2026-07-31,79.43
P046,2026-08-01,79.43
P046,2026-08-02,76.56
P046,2026-08-03,76.56
P046,2026-08-04,86.09
P046,2026-08-05,86.09
P046,2026-08-06,86.09
P046,2026-08-07,86.09
P046,2026-08-08,86.09
P046,2026-08-09,86.09
P046,2026-08-10,86.09
P046,2026-08-11,86.09
P046,2026-08-12,86.09
P046,2026-08-13,86.09
P046,2026-08-14,86.09
P046,2026-08-15,86.09
P046,2026-08-16,87.68
P046,2026-08-17,91.73
P046,2026-08-18,85.15
P047,2026-05-21,24.14
P047,2026-05-22,18.88
P047,2026-05-23,18.88
P047,2026-05-24,18.88
P047,2026-05-25,18.88
P047,2026-05-26,18.88
P047,2026-05-27,18.88
P047,2026-05-28,18.88
P047,2026-05-29,31.0
P047,2026-05-30,31.0
P047,2026-05-31,40.07
P047,2026-06-01,40.07
P047,2026-06-02,40.07
P047,2026-06-03,40.07
P047,2026-06-04,40.07
P047,2026-06-05,39.7
P047,2026-06-06,39.7
P047,2026-06-07,39.7
P047,2026-06-08,39.7
P047,2026-06-09,46.34
P047,2026-06-10,47.73
P047,2026-06-11,43.92
P047,2026-06-12,43.92
P047,2026-06-13,53.19
P047,2026-06-14,53.19
P047,2026-06-15,53.19
P047,2026-06-16,53.19
P047,2026-06-17,53.19
P047,2026-06-18,53.19
P047,2026-06-19,53.19
P047,2026-06-20,53.19
P047,2026-06-21,53.19
P047,2026-06-22,53.19
P047,2026-06-23,53.19
P047,2026-06-24,53.19
P047,2026-06-25,53.19
P047,2026-06-26,53.19
P047,2026-06-27,53.19
P047,2026-06-28,48.43
P047,2026-06-29,48.43
P047,2026-06-30,42.64
P047,2026-07-01,34.39
P047,2026-07-02,34.39
P047,2026-07-03,34.39
P047,2026-07-04,34.39
P047,2026-07-05,34.39
P047,2026-07-06,36.55
P047,2026-07-07,36.55
P047,2026-07-08,36.55
P047,2026-07-09,28.02
P047,2026-07-10,28.02
P047,2026-07-11,40.58
P047,2026-07-12,40.58
P047,2026-07-13,46.49
P047,2026-07-14,45.93
P047,2026-07-15,36.67
P047,2026-07-16,36.67
P047,2026-07-17,36.67
P047,2026-07-18,45.46
P047,2026-07-19,45.46
P047,2026-07-20,45.46
P047,2026-07-21,55.25
P047,2026-07-22,55.25
P047,2026-07-23,57.4
P047,2026-07-24,57.4
P047,2026-07-25,57.4
P047,2026-07-26,57.4
P047,2026-07-27,57.4
P047,2026-07-28,57.4
P047,2026-07-29,57.4
P047,2026-07-30,57.4
P047,2026-07-31,69.16
P047,2026-08-01,69.16
P047,2026-08-02,62.23
P047,2026-08-03,69.71
P047,2026-08-04,69.71
P047,2026-08-05,69.71
P047,2026-08-06,69.71
P047,2026-08-07,84.36
P047,2026-08-08,83.37
P047,2026-08-09,83.37
P047,2026-08-10,83.37
P047,2026-08-11,85.48
P047,2026-08-12,85.48
P047,2026-08-13,85.48
P047,2026-08-14,85.48
P047,2026-08-15,85.48
P047,2026-08-16,85.48
P047,2026-08-17,79.06
P047,2026-08-18,79.06
P048,2026-05-21,48.92
P048,2026-05-22,48.92
P048,2026-05-23,48.92
P048,2026-05-24,48.92
P048,2026-05-25,48.92
P048,2026-05-26,50.08
P048,2026-05-27,50.08
P048,2026-05-28,45.37
P048,2026-05-29,45.37
P048,2026-05-30,46.24
P048,2026-05-31,59.47
P048,2026-06-01,59.47
P048,2026-06-02,67.45
P048,2026-06-03,67.45
P048,2026-06-04,60.84
P048,2026-06-05,60.84
P048,2026-06-06,68.13
P048,2026-06-07,68.13
P048,2026-06-08,68.13
P048,2026-06-09,68.13
P048,2026-06-10,68.13
P048,2026-06-11,68.13
P048,2026-06-12,68.13
P048,2026-06-13,68.13
P048,2026-06-14,68.13
P048,2026-06-15,65.4
P048,2026-06-16,73.91
P048,2026-06-17,73.91
P048,2026-06-18,73.91
P048,2026-06-19,73.91
P048,2026-06-20,73.91
P048,2026-06-21,73.91
P048,2026-06-22,73.91
P048,2026-06-23,73.91
P048,2026-06-24,73.91
P048,2026-06-25,73.91
P048,2026-06-26,73.91
P048,2026-06-27,73.91
P048,2026-06-28,73.91
P048,2026-06-29,73.91
P048,2026-06-30,87.48
P048,2026-07-01,87.48
P048,2026-07-02,84.56
P048,2026-07-03,84.56
P048,2026-07-04,82.56
P048,2026-07-05,82.56
P048,2026-07-06,93.75
P048,2026-07-07,93.75
P048,2026-07-08,93.75
P048,2026-07-09,93.75
P048,2026-07-10,93.75
P048,2026-07-11,101.67
P048,2026-07-12,101.67
P048,2026-07-13,101.67
P048,2026-07-14,101.67
P048,2026-07-15,103.86
P048,2026-07-16,114.24
P048,2026-07-17,114.24
P048,2026-07-18,114.24
P048,2026-07-19,114.24
P048,2026-07-20,114.24
P048,2026-07-21,122.41
P048,2026-07-22,122.41
P048,2026-07-23,122.41
P048,2026-07-24,122.41
P048,2026-07-25,122.41
P048,2026-07-26,122.41
P048,2026-07-27,122.41
P048,2026-07-28,122.41
P048,2026-07-29,115.85
P048,2026-07-30,115.85
P048,2026-07-31,125.96
P048,2026-08-01,125.96
P048,2026-08-02,125.96
P048,2026-08-03,135.6
P048,2026-08-04,135.6
P048,2026-08-05,135.6
P048,2026-08-06,135.6
P048,2026-08-07,135.6
P048,2026-08-08,126.91
P048,2026-08-09,126.91
P048,2026-08-10,126.91
P048,2026-08-11,126.91
P048,2026-08-12,119.88
P048,2026-08-13,119.88
P048,2026-08-14,119.88
P048,2026-08-15,119.88
P048,2026-08-16,119.88
P048,2026-08-17,119.88
P048,2026-08-18,119.88
P049,2026-05-21,99.0
P049,2026-05-22,105.33
P049,2026-05-23,98.25
P049,2026-05-24,98.25
P049,2026-05-25,98.25
P049,2026-05-26,102.57
P049,2026-05-27,102.57
P049,2026-05-28,102.57
P049,2026-05-29,102.57
P049,2026-05-30,102.57
P049,2026-05-31,102.57
P049,2026-06-01,102.57
P049,2026-06-02,102.57
P049,2026-06-03,102.57
P049,2026-06-04,102.57
P049,2026-06-05,102.57
P049,2026-06-06,102.57
P049,2026-06-07,102.57
P049,2026-06-08,102.57
P049,2026-06-09,102.57
P049,2026-06-10,102.57
P049,2026-06-11,102.57
P049,2026-06-12,102.57
P049,2026-06-13,102.57
P049,2026-06-14,102.57
P049,2026-06-15,106.44
P049,2026-06-16,99.66
P049,2026-06-17,99.66
P049,2026-06-18,99.66
P049,2026-06-19,114.16
P049,2026-06-20,128.32
P049,2026-06-21,128.32
P049,2026-06-22,125.83
P049,2026-06-23,125.83
P049,2026-06-24,125.83
P049,2026-06-25,128.09
P049,2026-06-26,128.09
P049,2026-06-27,128.09
P049,2026-06-28,120.57
P049,2026-06-29,115.27
P049,2026-06-30,115.27
P049,2026-07-01,115.27
P049,2026-07-02,115.27
P049,2026-07-03,115.27
P049,2026-07-04,115.27
P049,2026-07-05,111.64
P049,2026-07-06,111.64
P049,2026-07-07,111.64
P049,2026-07-08,111.64
P049,2026-07-09,111.64
P049,2026-07-10,106.73
P049,2026-07-11,106.73
P049,2026-07-12,106.73
P049,2026-07-13,106.73
P049,2026-07-14,106.73
P049,2026-07-15,106.73
P049,2026-07-16,106.73
P049,2026-07-17,106.73
P049,2026-07-18,106.73
P049,2026-07-19,103.48
P049,2026-07-20,107.19
P049,2026-07-21,107.19
P049,2026-07-22,107.19
P049,2026-07-23,107.19
P049,2026-07-24,107.19
P049,2026-07-25,99.64
P049,2026-07-26,99.64
P049,2026-07-27,99.64
P049,2026-07-28,107.85
P049,2026-07-29,107.85
P049,2026-07-30,106.57
P049,2026-07-31,106.57
P049,2026-08-01,99.05
P049,2026-08-02,112.71
P049,2026-08-03,122.86
P049,2026-08-04,122.86
P049,2026-08-05,122.86
P049,2026-08-06,122.86
P049,2026-08-07,130.03
P049,2026-08-08,123.19
P049,2026-08-09,123.19
P049,2026-08-10,131.33
P049,2026-08-11,131.33
P049,2026-08-12,131.33
P049,2026-08-13,131.33
P049,2026-08-14,131.33
P049,2026-08-15,131.33
P049,2026-08-16,145.15
P049,2026-08-17,145.15
P049,2026-08-18,145.15
P050,2026-05-21,61.08
P050,2026-05-22,61.08
P050,2026-05-23,61.08
P050,2026-05-24,69.33
P050,2026-05-25,60.77
P050,2026-05-26,74.01
P050,2026-05-27,74.01
P050,2026-05-28,74.01
P050,2026-05-29,76.46
P050,2026-05-30,76.46
P050,2026-05-31,76.46
P050,2026-06-01,71.21
P050,2026-06-02,71.83
P050,2026-06-03,71.83
P050,2026-06-04,71.83
P050,2026-06-05,71.83
P050,2026-06-06,71.83
P050,2026-06-07,71.83
P050,2026-06-08,71.83
P050,2026-06-09,71.83
P050,2026-06-10,71.01
P050,2026-06-11,71.01
P050,2026-06-12,71.01
P050,2026-06-13,85.25
P050,2026-06-14,85.25
P050,2026-06-15,85.25
P050,2026-06-16,85.25
P050,2026-06-17,82.59
P050,2026-06-18,88.37
P050,2026-06-19,85.99
P050,2026-06-20,85.99
P050,2026-06-21,85.99
P050,2026-06-22,85.99
P050,2026-06-23,85.99
P050,2026-06-24,85.99
P050,2026-06-25,85.99
P050,2026-06-26,85.99
P050,2026-06-27,84.85
P050,2026-06-28,84.85
P050,2026-06-29,87.71
P050,2026-06-30,87.71
P050,2026-07-01,96.95
P050,2026-07-02,96.83
P050,2026-07-03,96.83
P050,2026-07-04,96.83
P050,2026-07-05,97.79
P050,2026-07-06,96.63
P050,2026-07-07,108.72
P050,2026-07-08,103.46
P050,2026-07-09,103.99
P050,2026-07-10,103.99
P050,2026-07-11,103.99
P050,2026-07-12,103.99
P050,2026-07-13,106.22
P050,2026-07-14,106.22
P050,2026-07-15,115.0
P050,2026-07-16,115.0
P050,2026-07-17,115.0
P050,2026-07-18,115.0
P050,2026-07-19,128.94
P050,2026-07-20,122.83
P050,2026-07-21,129.94
P050,2026-07-22,129.94
P050,2026-07-23,129.94
P050,2026-07-24,129.94
P050,2026-07-25,129.94
P050,2026-07-26,129.94
P050,2026-07-27,129.94
P050,2026-07-28,132.72
P050,2026-07-29,125.6
P050,2026-07-30,125.6
P050,2026-07-31,125.6
P050,2026-08-01,133.26
P050,2026-08-02,133.26
P050,2026-08-03,133.26
P050,2026-08-04,133.26
P050,2026-08-05,133.26
P050,2026-08-06,126.57
P050,2026-08-07,121.37
P050,2026-08-08,121.37
P050,2026-08-09,132.98
P050,2026-08-10,132.98
P050,2026-08-11,132.98
P050,2026-08-12,133.63
P050,2026-08-13,133.63
P050,2026-08-14,126.38
P050,2026-08-15,125.16
P050,2026-08-16,137.54
P050,2026-08-17,128.84
P050,2026-08-18,128.84
